Fecha,Movimiento,Orden,Material,Texto de material,Cantidad,Tipo,Puente,Semana
01/11/2025,531,13067523,132000M5,MP DECOMISO,-12.000,Subproducto,MP ESPALDILLA REJALADA,44
01/11/2025,101,13067523,134208M1,MP ESPALDILLA REJALADA,"-1,467.600",Terminado,MP ESPALDILLA REJALADA,44
01/11/2025,261,13067523,134228C1,MAT PRIMA DE ESPALDILLA REJALADA,"1,817.900",Materia prima,MP ESPALDILLA REJALADA,44
01/11/2025,261,13067523,134228C1,MAT PRIMA DE ESPALDILLA REJALADA,9.100,Materia prima,MP ESPALDILLA REJALADA,44
01/11/2025,531,13067523,134603M5,MP GRASA PN,-113.800,Subproducto,MP ESPALDILLA REJALADA,44
01/11/2025,531,13067523,134701M5,MP RECORTE 80 - 20 PN,-224.500,Subproducto,MP ESPALDILLA REJALADA,44
01/11/2025,101,13067524,134209M1,MP CABEZA DE LOMO REJALADO,-837.200,Terminado,MP CABEZA DE LOMO REJALADO,44
01/11/2025,261,13067524,134281C1,MAT PRIMA DE CABEZA DE LOMO REJALADA,837.200,Materia prima,MP CABEZA DE LOMO REJALADO,44
01/11/2025,261,13067524,134281C1,MAT PRIMA DE CABEZA DE LOMO REJALADA,18.700,Materia prima,MP CABEZA DE LOMO REJALADO,44
01/11/2025,531,13067534,132000M5,MP DECOMISO,-42.300,Subproducto,MP MILANESA,44
01/11/2025,531,13067534,134307M1,MP  CHAMBARETE,"-1,115.300",Subproducto,MP MILANESA,44
01/11/2025,101,13067534,134327M1,MP MILANESA,"-11,439.100",Terminado,MP MILANESA,44
01/11/2025,261,13067534,134358G3,MAT PRIMA MILANESA DE PIERNA,"14,225.800",Materia prima,MP MILANESA,44
01/11/2025,261,13067534,134358G3,MAT PRIMA MILANESA DE PIERNA,75.600,Materia prima,MP MILANESA,44
01/11/2025,531,13067534,134603M5,MP GRASA PN,-652.200,Subproducto,MP MILANESA,44
01/11/2025,531,13067534,134701M5,MP RECORTE 80 - 20 PN,-913.300,Subproducto,MP MILANESA,44
01/11/2025,531,13067534,134702M5,MP RECORTE ESPECIAL PN,-139.200,Subproducto,MP MILANESA,44
01/11/2025,261,13067560,134372G3,MAT PRIMA MILANESA TAQUERA,"6,741.000",Materia prima,MP MILANESA TAQUERA,44
01/11/2025,261,13067560,134372G3,MAT PRIMA MILANESA TAQUERA,124.100,Materia prima,MP MILANESA TAQUERA,44
01/11/2025,101,13067560,134372M1,MP MILANESA TAQUERA,"-6,536.300",Terminado,MP MILANESA TAQUERA,44
01/11/2025,531,13067560,134701M5,MP RECORTE 80 - 20 PN,-204.700,Subproducto,MP MILANESA TAQUERA,44
01/11/2025,531,13067703,134603M5,MP GRASA PN,-90.400,Subproducto,MP ARRACHERA DE CERDO,44
01/11/2025,101,13067703,134797M1,MP ARRACHERA DE CERDO,-68.100,Terminado,MP ARRACHERA DE CERDO,44
01/11/2025,261,13067703,134798C1,MAT PRIMA RECORTE MAGRO,158.500,Materia prima,MP ARRACHERA DE CERDO,44
01/11/2025,261,13067703,134798C1,MAT PRIMA RECORTE MAGRO,0.600,Materia prima,MP ARRACHERA DE CERDO,44
03/11/2025,531,13068113,134603M5,MP GRASA PN,-51.100,Subproducto,MP ARRACHERA DE CERDO,45
03/11/2025,101,13068113,134797M1,MP ARRACHERA DE CERDO,-45.900,Terminado,MP ARRACHERA DE CERDO,45
03/11/2025,261,13068113,134798C1,MAT PRIMA RECORTE MAGRO,97.000,Materia prima,MP ARRACHERA DE CERDO,45
03/11/2025,261,13068113,134798C1,MAT PRIMA RECORTE MAGRO,3.800,Materia prima,MP ARRACHERA DE CERDO,45
03/11/2025,531,13068129,132000M5,MP DECOMISO,-9.800,Subproducto,MP ESPALDILLA REJALADA,45
03/11/2025,101,13068129,134208M1,MP ESPALDILLA REJALADA,"-1,553.500",Terminado,MP ESPALDILLA REJALADA,45
03/11/2025,261,13068129,134228C1,MAT PRIMA DE ESPALDILLA REJALADA,"1,934.100",Materia prima,MP ESPALDILLA REJALADA,45
03/11/2025,261,13068129,134228C1,MAT PRIMA DE ESPALDILLA REJALADA,7.900,Materia prima,MP ESPALDILLA REJALADA,45
03/11/2025,531,13068129,134603M5,MP GRASA PN,-79.000,Subproducto,MP ESPALDILLA REJALADA,45
03/11/2025,531,13068129,134701M5,MP RECORTE 80 - 20 PN,-316.800,Subproducto,MP ESPALDILLA REJALADA,45
03/11/2025,101,13068130,134209M1,MP CABEZA DE LOMO REJALADO,-908.300,Terminado,MP CABEZA DE LOMO REJALADO,45
03/11/2025,261,13068130,134281C1,MAT PRIMA DE CABEZA DE LOMO REJALADA,893.200,Materia prima,MP CABEZA DE LOMO REJALADO,45
03/11/2025,261,13068130,134281C1,MAT PRIMA DE CABEZA DE LOMO REJALADA,5.800,Materia prima,MP CABEZA DE LOMO REJALADO,45
03/11/2025,531,13068142,134307M1,MP  CHAMBARETE,-281.100,Subproducto,MP MILANESA,45
03/11/2025,101,13068142,134327M1,MP MILANESA,"-3,012.600",Terminado,MP MILANESA,45
03/11/2025,261,13068142,134358G1,MAT PRIMA MILANESA DE PIERNA,"3,396.000",Materia prima,MP MILANESA,45
03/11/2025,261,13068142,134358G1,MAT PRIMA MILANESA DE PIERNA,2.000,Materia prima,MP MILANESA,45
03/11/2025,261,13068142,134358G5,MAT PRIMA MILANESA DE PIERNA,278.900,Materia prima,MP MILANESA,45
03/11/2025,531,13068142,134603M5,MP GRASA PN,-161.000,Subproducto,MP MILANESA,45
03/11/2025,531,13068142,134701M5,MP RECORTE 80 - 20 PN,-220.200,Subproducto,MP MILANESA,45
03/11/2025,531,13068143,134307M1,MP  CHAMBARETE,-266.200,Subproducto,MP MILANESA,45
03/11/2025,261,13068143,134358G5,MAT PRIMA MILANESA DE PIERNA,266.200,Materia prima,MP MILANESA,45
03/11/2025,531,13068144,132000M5,MP DECOMISO,-51.500,Subproducto,MP MILANESA,45
03/11/2025,531,13068144,134307M1,MP  CHAMBARETE,-217.300,Subproducto,MP MILANESA,45
03/11/2025,101,13068144,134327M1,MP MILANESA,"-12,636.000",Terminado,MP MILANESA,45
03/11/2025,261,13068144,134358G5,MAT PRIMA MILANESA DE PIERNA,"14,761.100",Materia prima,MP MILANESA,45
03/11/2025,531,13068144,134603M5,MP GRASA PN,-500.300,Subproducto,MP MILANESA,45
03/11/2025,531,13068144,134701M5,MP RECORTE 80 - 20 PN,-712.500,Subproducto,MP MILANESA,45
03/11/2025,531,13068144,134702M5,MP RECORTE ESPECIAL PN,-643.500,Subproducto,MP MILANESA,45
03/11/2025,261,13068195,134372G5,MAT PRIMA MILANESA TAQUERA,"8,971.600",Materia prima,MP MILANESA TAQUERA,45
03/11/2025,261,13068195,134372G5,MAT PRIMA MILANESA TAQUERA,122.200,Materia prima,MP MILANESA TAQUERA,45
03/11/2025,101,13068195,134372M1,MP MILANESA TAQUERA,"-8,742.300",Terminado,MP MILANESA TAQUERA,45
03/11/2025,531,13068195,134701M5,MP RECORTE 80 - 20 PN,-229.300,Subproducto,MP MILANESA TAQUERA,45
03/11/2025,531,13068197,134603M5,MP GRASA PN,-78.600,Subproducto,MP ARRACHERA DE CERDO,45
03/11/2025,261,13068197,134797A5,MP INT RECORTE MAGRO,491.500,Materia prima,MP ARRACHERA DE CERDO,45
03/11/2025,261,13068197,134797A5,MP INT RECORTE MAGRO,49.200,Materia prima,MP ARRACHERA DE CERDO,45
03/11/2025,101,13068197,134797M1,MP ARRACHERA DE CERDO,-412.900,Terminado,MP ARRACHERA DE CERDO,45
04/11/2025,531,13069086,132000M5,MP DECOMISO,-28.000,Subproducto,MP ESPALDILLA REJALADA,45
04/11/2025,101,13069086,134208M1,MP ESPALDILLA REJALADA,"-2,862.500",Terminado,MP ESPALDILLA REJALADA,45
04/11/2025,261,13069086,134228C1,MAT PRIMA DE ESPALDILLA REJALADA,"3,473.700",Materia prima,MP ESPALDILLA REJALADA,45
04/11/2025,261,13069086,134228C1,MAT PRIMA DE ESPALDILLA REJALADA,83.300,Materia prima,MP ESPALDILLA REJALADA,45
04/11/2025,531,13069086,134603M5,MP GRASA PN,-83.900,Subproducto,MP ESPALDILLA REJALADA,45
04/11/2025,531,13069086,134701M5,MP RECORTE 80 - 20 PN,-499.300,Subproducto,MP ESPALDILLA REJALADA,45
04/11/2025,101,13069087,134209M1,MP CABEZA DE LOMO REJALADO,"-1,533.500",Terminado,MP CABEZA DE LOMO REJALADO,45
04/11/2025,261,13069087,134281C1,MAT PRIMA DE CABEZA DE LOMO REJALADA,"1,533.500",Materia prima,MP CABEZA DE LOMO REJALADO,45
04/11/2025,261,13069087,134281C1,MAT PRIMA DE CABEZA DE LOMO REJALADA,28.100,Materia prima,MP CABEZA DE LOMO REJALADO,45
04/11/2025,531,13069098,132000M5,MP DECOMISO,-31.000,Subproducto,MP MILANESA,45
04/11/2025,531,13069098,134307M1,MP  CHAMBARETE,-455.800,Subproducto,MP MILANESA,45
04/11/2025,101,13069098,134327M1,MP MILANESA,"-10,592.000",Terminado,MP MILANESA,45
04/11/2025,261,13069098,134358G5,MAT PRIMA MILANESA DE PIERNA,"12,615.800",Materia prima,MP MILANESA,45
04/11/2025,261,13069098,134358G5,MAT PRIMA MILANESA DE PIERNA,239.900,Materia prima,MP MILANESA,45
04/11/2025,531,13069098,134603M5,MP GRASA PN,-489.500,Subproducto,MP MILANESA,45
04/11/2025,531,13069098,134701M5,MP RECORTE 80 - 20 PN,-788.200,Subproducto,MP MILANESA,45
04/11/2025,531,13069098,134702M5,MP RECORTE ESPECIAL PN,-499.200,Subproducto,MP MILANESA,45
04/11/2025,261,13069146,134372G5,MAT PRIMA MILANESA TAQUERA,"10,238.200",Materia prima,MP MILANESA TAQUERA,45
04/11/2025,261,13069146,134372G5,MAT PRIMA MILANESA TAQUERA,60.300,Materia prima,MP MILANESA TAQUERA,45
04/11/2025,101,13069146,134372M1,MP MILANESA TAQUERA,"-10,065.300",Terminado,MP MILANESA TAQUERA,45
04/11/2025,531,13069146,134701M5,MP RECORTE 80 - 20 PN,-172.900,Subproducto,MP MILANESA TAQUERA,45
04/11/2025,531,13069217,134603M5,MP GRASA PN,-52.000,Subproducto,MP ARRACHERA DE CERDO,45
04/11/2025,101,13069217,134797M1,MP ARRACHERA DE CERDO,-55.900,Terminado,MP ARRACHERA DE CERDO,45
04/11/2025,261,13069217,134798C1,MAT PRIMA RECORTE MAGRO,107.900,Materia prima,MP ARRACHERA DE CERDO,45
04/11/2025,261,13069217,134798C1,MAT PRIMA RECORTE MAGRO,2.800,Materia prima,MP ARRACHERA DE CERDO,45
05/11/2025,531,13069909,134603M5,MP GRASA PN,-88.500,Subproducto,MP ARRACHERA DE CERDO,45
05/11/2025,101,13069909,134797M1,MP ARRACHERA DE CERDO,-106.200,Terminado,MP ARRACHERA DE CERDO,45
05/11/2025,261,13069909,134798C1,MAT PRIMA RECORTE MAGRO,194.700,Materia prima,MP ARRACHERA DE CERDO,45
05/11/2025,531,13069922,132000M5,MP DECOMISO,-26.800,Subproducto,MP ESPALDILLA REJALADA,45
05/11/2025,101,13069922,134208M1,MP ESPALDILLA REJALADA,"-2,968.700",Terminado,MP ESPALDILLA REJALADA,45
05/11/2025,261,13069922,134228C1,MAT PRIMA DE ESPALDILLA REJALADA,"3,718.300",Materia prima,MP ESPALDILLA REJALADA,45
05/11/2025,261,13069922,134228C1,MAT PRIMA DE ESPALDILLA REJALADA,4.700,Materia prima,MP ESPALDILLA REJALADA,45
05/11/2025,531,13069922,134603M5,MP GRASA PN,-201.400,Subproducto,MP ESPALDILLA REJALADA,45
05/11/2025,531,13069922,134701M5,MP RECORTE 80 - 20 PN,-550.700,Subproducto,MP ESPALDILLA REJALADA,45
05/11/2025,101,13069923,134209M1,MP CABEZA DE LOMO REJALADO,"-2,400.100",Terminado,MP CABEZA DE LOMO REJALADO,45
05/11/2025,261,13069923,134281C1,MAT PRIMA DE CABEZA DE LOMO REJALADA,"2,400.100",Materia prima,MP CABEZA DE LOMO REJALADO,45
05/11/2025,261,13069923,134281C1,MAT PRIMA DE CABEZA DE LOMO REJALADA,38.900,Materia prima,MP CABEZA DE LOMO REJALADO,45
05/11/2025,531,13069936,132000M5,MP DECOMISO,-29.400,Subproducto,MP MILANESA,45
05/11/2025,531,13069936,134307M1,MP  CHAMBARETE,-102.500,Subproducto,MP MILANESA,45
05/11/2025,101,13069936,134327M1,MP MILANESA,"-8,541.600",Terminado,MP MILANESA,45
05/11/2025,261,13069936,134358G1,MAT PRIMA MILANESA DE PIERNA,"2,828.400",Materia prima,MP MILANESA,45
05/11/2025,261,13069936,134358G1,MAT PRIMA MILANESA DE PIERNA,"6,382.500",Materia prima,MP MILANESA,45
05/11/2025,261,13069936,134358G1,MAT PRIMA MILANESA DE PIERNA,9.100,Materia prima,MP MILANESA,45
05/11/2025,261,13069936,134358G5,MAT PRIMA MILANESA DE PIERNA,"1,148.600",Materia prima,MP MILANESA,45
05/11/2025,531,13069936,134603M5,MP GRASA PN,-170.000,Subproducto,MP MILANESA,45
05/11/2025,531,13069936,134701M5,MP RECORTE 80 - 20 PN,-671.900,Subproducto,MP MILANESA,45
05/11/2025,531,13069936,134702M5,MP RECORTE ESPECIAL PN,-834.600,Subproducto,MP MILANESA,45
05/11/2025,531,13069984,134603M5,MP GRASA PN,-103.100,Subproducto,MP ARRACHERA DE CERDO,45
05/11/2025,261,13069984,134797A5,MP INT RECORTE MAGRO,330.100,Materia prima,MP ARRACHERA DE CERDO,45
05/11/2025,261,13069984,134797A5,MP INT RECORTE MAGRO,16.700,Materia prima,MP ARRACHERA DE CERDO,45
05/11/2025,101,13069984,134797M1,MP ARRACHERA DE CERDO,-253.000,Terminado,MP ARRACHERA DE CERDO,45
05/11/2025,261,13069984,134798C1,MAT PRIMA RECORTE MAGRO,24.200,Materia prima,MP ARRACHERA DE CERDO,45
05/11/2025,531,13070290,134307M1,MP  CHAMBARETE,-219.600,Subproducto,MP MILANESA,45
05/11/2025,101,13070290,134327M1,MP MILANESA,"-4,588.700",Terminado,MP MILANESA,45
05/11/2025,261,13070290,134358G5,MAT PRIMA MILANESA DE PIERNA,"5,435.400",Materia prima,MP MILANESA,45
05/11/2025,531,13070290,134603M5,MP GRASA PN,-218.400,Subproducto,MP MILANESA,45
05/11/2025,531,13070290,134701M5,MP RECORTE 80 - 20 PN,-408.700,Subproducto,MP MILANESA,45
05/11/2025,261,13070436,134372G5,MAT PRIMA MILANESA TAQUERA,"3,595.600",Materia prima,MP MILANESA TAQUERA,45
05/11/2025,261,13070436,134372G5,MAT PRIMA MILANESA TAQUERA,143.400,Materia prima,MP MILANESA TAQUERA,45
05/11/2025,101,13070436,134372M1,MP MILANESA TAQUERA,"-3,565.800",Terminado,MP MILANESA TAQUERA,45
05/11/2025,531,13070436,134701M5,MP RECORTE 80 - 20 PN,-29.800,Subproducto,MP MILANESA TAQUERA,45
05/11/2025,261,13070536,134372G1,MAT PRIMA MILANESA TAQUERA,"3,236.000",Materia prima,MP MILANESA TAQUERA,45
05/11/2025,261,13070536,134372G1,MAT PRIMA MILANESA TAQUERA,13.200,Materia prima,MP MILANESA TAQUERA,45
05/11/2025,101,13070536,134372M1,MP MILANESA TAQUERA,"-3,117.800",Terminado,MP MILANESA TAQUERA,45
05/11/2025,531,13070536,134701M5,MP RECORTE 80 - 20 PN,-118.200,Subproducto,MP MILANESA TAQUERA,45
06/11/2025,531,13070674,132000M5,MP DECOMISO,-10.500,Subproducto,MP ESPALDILLA REJALADA,45
06/11/2025,101,13070674,134208M1,MP ESPALDILLA REJALADA,"-3,690.000",Terminado,MP ESPALDILLA REJALADA,45
06/11/2025,261,13070674,134228C1,MAT PRIMA DE ESPALDILLA REJALADA,"1,899.000",Materia prima,MP ESPALDILLA REJALADA,45
06/11/2025,261,13070674,134228C1,MAT PRIMA DE ESPALDILLA REJALADA,"2,590.500",Materia prima,MP ESPALDILLA REJALADA,45
06/11/2025,261,13070674,134228C1,MAT PRIMA DE ESPALDILLA REJALADA,114.500,Materia prima,MP ESPALDILLA REJALADA,45
06/11/2025,531,13070674,134603M5,MP GRASA PN,-168.300,Subproducto,MP ESPALDILLA REJALADA,45
06/11/2025,531,13070674,134701M5,MP RECORTE 80 - 20 PN,-620.700,Subproducto,MP ESPALDILLA REJALADA,45
06/11/2025,101,13070675,134209M1,MP CABEZA DE LOMO REJALADO,"-1,657.200",Terminado,MP CABEZA DE LOMO REJALADO,45
06/11/2025,261,13070675,134281C1,MAT PRIMA DE CABEZA DE LOMO REJALADA,"1,657.200",Materia prima,MP CABEZA DE LOMO REJALADO,45
06/11/2025,261,13070675,134281C1,MAT PRIMA DE CABEZA DE LOMO REJALADA,21.800,Materia prima,MP CABEZA DE LOMO REJALADO,45
06/11/2025,531,13070686,132000M5,MP DECOMISO,-47.900,Subproducto,MP MILANESA,45
06/11/2025,531,13070686,134307M1,MP  CHAMBARETE,-868.100,Subproducto,MP MILANESA,45
06/11/2025,101,13070686,134327M1,MP MILANESA,"-9,857.800",Terminado,MP MILANESA,45
06/11/2025,261,13070686,134358G3,MAT PRIMA MILANESA DE PIERNA,"12,149.500",Materia prima,MP MILANESA,45
06/11/2025,261,13070686,134358G3,MAT PRIMA MILANESA DE PIERNA,268.400,Materia prima,MP MILANESA,45
06/11/2025,531,13070686,134603M5,MP GRASA PN,-383.700,Subproducto,MP MILANESA,45
06/11/2025,531,13070686,134701M5,MP RECORTE 80 - 20 PN,"-1,059.000",Subproducto,MP MILANESA,45
06/11/2025,531,13070686,134702M5,MP RECORTE ESPECIAL PN,-201.400,Subproducto,MP MILANESA,45
06/11/2025,261,13070730,134372G3,MAT PRIMA MILANESA TAQUERA,"8,218.700",Materia prima,MP MILANESA TAQUERA,45
06/11/2025,101,13070730,134372M1,MP MILANESA TAQUERA,"-7,985.300",Terminado,MP MILANESA TAQUERA,45
06/11/2025,531,13070730,134701M5,MP RECORTE 80 - 20 PN,-233.400,Subproducto,MP MILANESA TAQUERA,45
06/11/2025,531,13070733,134603M5,MP GRASA PN,-25.300,Subproducto,MP ARRACHERA DE CERDO,45
06/11/2025,261,13070733,134797A5,MP INT RECORTE MAGRO,131.400,Materia prima,MP ARRACHERA DE CERDO,45
06/11/2025,261,13070733,134797A5,MP INT RECORTE MAGRO,3.400,Materia prima,MP ARRACHERA DE CERDO,45
06/11/2025,101,13070733,134797M1,MP ARRACHERA DE CERDO,-106.100,Terminado,MP ARRACHERA DE CERDO,45
06/11/2025,531,13070812,134603M5,MP GRASA PN,-84.600,Subproducto,MP ARRACHERA DE CERDO,45
06/11/2025,101,13070812,134797M1,MP ARRACHERA DE CERDO,-75.100,Terminado,MP ARRACHERA DE CERDO,45
06/11/2025,261,13070812,134798C1,MAT PRIMA RECORTE MAGRO,159.700,Materia prima,MP ARRACHERA DE CERDO,45
06/11/2025,261,13070812,134798C1,MAT PRIMA RECORTE MAGRO,10.800,Materia prima,MP ARRACHERA DE CERDO,45
06/11/2025,261,13070832,134372G1,MAT PRIMA MILANESA TAQUERA,"1,742.500",Materia prima,MP MILANESA TAQUERA,45
06/11/2025,261,13070832,134372G1,MAT PRIMA MILANESA TAQUERA,17.500,Materia prima,MP MILANESA TAQUERA,45
06/11/2025,261,13070832,134372G3,MAT PRIMA MILANESA TAQUERA,438.400,Materia prima,MP MILANESA TAQUERA,45
06/11/2025,101,13070832,134372M1,MP MILANESA TAQUERA,"-2,087.300",Terminado,MP MILANESA TAQUERA,45
06/11/2025,531,13070832,134701M5,MP RECORTE 80 - 20 PN,-84.000,Subproducto,MP MILANESA TAQUERA,45
06/11/2025,101,13070834,134209M1,MP CABEZA DE LOMO REJALADO,-982.900,Terminado,MP CABEZA DE LOMO REJALADO,45
06/11/2025,261,13070834,134281G5,MP INT CABEZA DE LOMO REJALADO,982.900,Materia prima,MP CABEZA DE LOMO REJALADO,45
06/11/2025,261,13070834,134281G5,MP INT CABEZA DE LOMO REJALADO,19.100,Materia prima,MP CABEZA DE LOMO REJALADO,45
07/11/2025,531,13071404,132000M5,MP DECOMISO,-16.200,Subproducto,MP ESPALDILLA REJALADA,45
07/11/2025,101,13071404,134208M1,MP ESPALDILLA REJALADA,"-2,297.300",Terminado,MP ESPALDILLA REJALADA,45
07/11/2025,261,13071404,134228C1,MAT PRIMA DE ESPALDILLA REJALADA,977.000,Materia prima,MP ESPALDILLA REJALADA,45
07/11/2025,261,13071404,134228C1,MAT PRIMA DE ESPALDILLA REJALADA,"1,842.400",Materia prima,MP ESPALDILLA REJALADA,45
07/11/2025,261,13071404,134228C1,MAT PRIMA DE ESPALDILLA REJALADA,13.600,Materia prima,MP ESPALDILLA REJALADA,45
07/11/2025,531,13071404,134603M5,MP GRASA PN,-106.600,Subproducto,MP ESPALDILLA REJALADA,45
07/11/2025,531,13071404,134701M5,MP RECORTE 80 - 20 PN,-460.200,Subproducto,MP ESPALDILLA REJALADA,45
07/11/2025,101,13071406,134209M1,MP CABEZA DE LOMO REJALADO,-854.900,Terminado,MP CABEZA DE LOMO REJALADO,45
07/11/2025,261,13071406,134281C1,MAT PRIMA DE CABEZA DE LOMO REJALADA,854.900,Materia prima,MP CABEZA DE LOMO REJALADO,45
07/11/2025,261,13071406,134281C1,MAT PRIMA DE CABEZA DE LOMO REJALADA,18.100,Materia prima,MP CABEZA DE LOMO REJALADO,45
07/11/2025,261,13071415,134358G1,MAT PRIMA MILANESA DE PIERNA,78.700,Materia prima,MP MILANESA,45
07/11/2025,531,13071415,134603M5,MP GRASA PN,-78.700,Subproducto,MP MILANESA,45
07/11/2025,531,13071416,132000M5,MP DECOMISO,-26.800,Subproducto,MP MILANESA,45
07/11/2025,531,13071416,134307M1,MP  CHAMBARETE,"-1,096.400",Subproducto,MP MILANESA,45
07/11/2025,101,13071416,134327M1,MP MILANESA,"-11,493.800",Terminado,MP MILANESA,45
07/11/2025,261,13071416,134358G3,MAT PRIMA MILANESA DE PIERNA,"14,093.400",Materia prima,MP MILANESA,45
07/11/2025,261,13071416,134358G3,MAT PRIMA MILANESA DE PIERNA,114.600,Materia prima,MP MILANESA,45
07/11/2025,531,13071416,134603M5,MP GRASA PN,-326.900,Subproducto,MP MILANESA,45
07/11/2025,531,13071416,134701M5,MP RECORTE 80 - 20 PN,"-1,003.400",Subproducto,MP MILANESA,45
07/11/2025,531,13071416,134702M5,MP RECORTE ESPECIAL PN,-146.100,Subproducto,MP MILANESA,45
07/11/2025,261,13071463,134372G3,MAT PRIMA MILANESA TAQUERA,"6,909.200",Materia prima,MP MILANESA TAQUERA,45
07/11/2025,261,13071463,134372G3,MAT PRIMA MILANESA TAQUERA,111.800,Materia prima,MP MILANESA TAQUERA,45
07/11/2025,101,13071463,134372M1,MP MILANESA TAQUERA,"-6,708.400",Terminado,MP MILANESA TAQUERA,45
07/11/2025,531,13071463,134701M5,MP RECORTE 80 - 20 PN,-200.800,Subproducto,MP MILANESA TAQUERA,45
07/11/2025,261,13072043,134372G1,MAT PRIMA MILANESA TAQUERA,"3,160.300",Materia prima,MP MILANESA TAQUERA,45
07/11/2025,101,13072043,134372M1,MP MILANESA TAQUERA,"-3,098.200",Terminado,MP MILANESA TAQUERA,45
07/11/2025,531,13072043,134701M5,MP RECORTE 80 - 20 PN,-114.000,Subproducto,MP MILANESA TAQUERA,45
07/11/2025,531,13072052,134603M5,MP GRASA PN,-54.500,Subproducto,MP ARRACHERA DE CERDO,45
07/11/2025,101,13072052,134797M1,MP ARRACHERA DE CERDO,-54.900,Terminado,MP ARRACHERA DE CERDO,45
07/11/2025,261,13072052,134798C1,MAT PRIMA RECORTE MAGRO,109.400,Materia prima,MP ARRACHERA DE CERDO,45
07/11/2025,261,13072052,134798C1,MAT PRIMA RECORTE MAGRO,0.400,Materia prima,MP ARRACHERA DE CERDO,45
07/11/2025,261,13072074,134372G5,MAT PRIMA MILANESA TAQUERA,"1,419.600",Materia prima,MP MILANESA TAQUERA,45
07/11/2025,101,13072074,134372M1,MP MILANESA TAQUERA,"-1,391.600",Terminado,MP MILANESA TAQUERA,45
07/11/2025,531,13072074,134701M5,MP RECORTE 80 - 20 PN,-28.000,Subproducto,MP MILANESA TAQUERA,45
07/11/2025,531,13072146,134307M1,MP  CHAMBARETE,-208.300,Subproducto,MP MILANESA,45
07/11/2025,101,13072146,134327M1,MP MILANESA,"-2,421.600",Terminado,MP MILANESA,45
07/11/2025,261,13072146,134358G5,MAT PRIMA MILANESA DE PIERNA,"2,781.200",Materia prima,MP MILANESA,45
07/11/2025,261,13072146,134358G5,MAT PRIMA MILANESA DE PIERNA,115.200,Materia prima,MP MILANESA,45
07/11/2025,531,13072146,134603M5,MP GRASA PN,-82.100,Subproducto,MP MILANESA,45
07/11/2025,531,13072146,134701M5,MP RECORTE 80 - 20 PN,-219.500,Subproducto,MP MILANESA,45
08/11/2025,101,13072192,134208M1,MP ESPALDILLA REJALADA,-664.100,Terminado,MP ESPALDILLA REJALADA,45
08/11/2025,261,13072192,134228C1,MAT PRIMA DE ESPALDILLA REJALADA,795.400,Materia prima,MP ESPALDILLA REJALADA,45
08/11/2025,261,13072192,134228C1,MAT PRIMA DE ESPALDILLA REJALADA,34.900,Materia prima,MP ESPALDILLA REJALADA,45
08/11/2025,531,13072192,134603M5,MP GRASA PN,-27.000,Subproducto,MP ESPALDILLA REJALADA,45
08/11/2025,531,13072192,134701M5,MP RECORTE 80 - 20 PN,-104.300,Subproducto,MP ESPALDILLA REJALADA,45
08/11/2025,101,13072193,134209M1,MP CABEZA DE LOMO REJALADO,-832.100,Terminado,MP CABEZA DE LOMO REJALADO,45
08/11/2025,261,13072193,134281C1,MAT PRIMA DE CABEZA DE LOMO REJALADA,832.100,Materia prima,MP CABEZA DE LOMO REJALADO,45
08/11/2025,261,13072193,134281C1,MAT PRIMA DE CABEZA DE LOMO REJALADA,14.900,Materia prima,MP CABEZA DE LOMO REJALADO,45
08/11/2025,261,13072200,134358G1,MAT PRIMA MILANESA DE PIERNA,148.100,Materia prima,MP MILANESA,45
08/11/2025,531,13072200,134603M5,MP GRASA PN,-87.300,Subproducto,MP MILANESA,45
08/11/2025,531,13072200,134701M5,MP RECORTE 80 - 20 PN,-30.800,Subproducto,MP MILANESA,45
08/11/2025,531,13072200,134702M5,MP RECORTE ESPECIAL PN,-30.000,Subproducto,MP MILANESA,45
08/11/2025,261,13072223,134372G1,MAT PRIMA MILANESA TAQUERA,349.100,Materia prima,MP MILANESA TAQUERA,45
08/11/2025,261,13072223,134372G1,MAT PRIMA MILANESA TAQUERA,"2,826.800",Materia prima,MP MILANESA TAQUERA,45
08/11/2025,101,13072223,134372M1,MP MILANESA TAQUERA,"-2,771.400",Terminado,MP MILANESA TAQUERA,45
08/11/2025,101,13072223,134372M1,MP MILANESA TAQUERA,-349.100,Terminado,MP MILANESA TAQUERA,45
08/11/2025,531,13072223,134701M5,MP RECORTE 80 - 20 PN,-82.300,Subproducto,MP MILANESA TAQUERA,45
08/11/2025,531,13072323,132000M5,MP DECOMISO,-25.600,Subproducto,MP MILANESA,45
08/11/2025,531,13072323,134307M1,MP  CHAMBARETE,-440.100,Subproducto,MP MILANESA,45
08/11/2025,101,13072323,134327M1,MP MILANESA,"-6,378.100",Terminado,MP MILANESA,45
08/11/2025,261,13072323,134358G5,MAT PRIMA MILANESA DE PIERNA,25.600,Materia prima,MP MILANESA,45
08/11/2025,261,13072323,134358G5,MAT PRIMA MILANESA DE PIERNA,"7,659.200",Materia prima,MP MILANESA,45
08/11/2025,261,13072323,134358G5,MAT PRIMA MILANESA DE PIERNA,21.200,Materia prima,MP MILANESA,45
08/11/2025,531,13072323,134603M5,MP GRASA PN,-218.100,Subproducto,MP MILANESA,45
08/11/2025,531,13072323,134701M5,MP RECORTE 80 - 20 PN,-505.500,Subproducto,MP MILANESA,45
08/11/2025,531,13072323,134702M5,MP RECORTE ESPECIAL PN,-117.400,Subproducto,MP MILANESA,45
10/11/2025,531,13072925,132000M5,MP DECOMISO,-6.500,Subproducto,MP ESPALDILLA REJALADA,46
10/11/2025,101,13072925,134208M1,MP ESPALDILLA REJALADA,"-1,543.700",Terminado,MP ESPALDILLA REJALADA,46
10/11/2025,261,13072925,134228C1,MAT PRIMA DE ESPALDILLA REJALADA,"1,801.700",Materia prima,MP ESPALDILLA REJALADA,46
10/11/2025,261,13072925,134228C1,MAT PRIMA DE ESPALDILLA REJALADA,83.300,Materia prima,MP ESPALDILLA REJALADA,46
10/11/2025,531,13072925,134701M5,MP RECORTE 80 - 20 PN,-251.500,Subproducto,MP ESPALDILLA REJALADA,46
10/11/2025,101,13072926,134209M1,MP CABEZA DE LOMO REJALADO,-844.600,Terminado,MP CABEZA DE LOMO REJALADO,46
10/11/2025,261,13072926,134281C1,MAT PRIMA DE CABEZA DE LOMO REJALADA,844.600,Materia prima,MP CABEZA DE LOMO REJALADO,46
10/11/2025,261,13072926,134281C1,MAT PRIMA DE CABEZA DE LOMO REJALADA,14.400,Materia prima,MP CABEZA DE LOMO REJALADO,46
10/11/2025,261,13072939,134372G5,MAT PRIMA MILANESA TAQUERA,140.300,Materia prima,MP MILANESA,46
10/11/2025,531,13072939,134701M5,MP RECORTE 80 - 20 PN,-83.900,Subproducto,MP MILANESA,46
10/11/2025,531,13072940,134307M1,MP  CHAMBARETE,-61.100,Subproducto,MP MILANESA,46
10/11/2025,101,13072940,134327M1,MP MILANESA,-715.400,Terminado,MP MILANESA,46
10/11/2025,261,13072940,134358G3,MAT PRIMA MILANESA DE PIERNA,880.000,Materia prima,MP MILANESA,46
10/11/2025,261,13072940,134372G3,MAT PRIMA MILANESA TAQUERA,81.500,Materia prima,MP MILANESA,46
10/11/2025,531,13072940,134603M5,MP GRASA PN,-50.400,Subproducto,MP MILANESA,46
10/11/2025,531,13072940,134701M5,MP RECORTE 80 - 20 PN,-89.200,Subproducto,MP MILANESA,46
10/11/2025,531,13072940,134702M5,MP RECORTE ESPECIAL PN,-54.900,Subproducto,MP MILANESA,46
10/11/2025,531,13072941,132000M5,MP DECOMISO,-36.500,Subproducto,MP MILANESA,46
10/11/2025,531,13072941,134307M1,MP  CHAMBARETE,-276.700,Subproducto,MP MILANESA,46
10/11/2025,101,13072941,134327M1,MP MILANESA,"-11,940.100",Terminado,MP MILANESA,46
10/11/2025,261,13072941,134358G5,MAT PRIMA MILANESA DE PIERNA,"14,141.700",Materia prima,MP MILANESA,46
10/11/2025,261,13072941,134358G5,MAT PRIMA MILANESA DE PIERNA,151.100,Materia prima,MP MILANESA,46
10/11/2025,531,13072941,134603M5,MP GRASA PN,-529.100,Subproducto,MP MILANESA,46
10/11/2025,531,13072941,134701M5,MP RECORTE 80 - 20 PN,-757.200,Subproducto,MP MILANESA,46
10/11/2025,531,13072941,134702M5,MP RECORTE ESPECIAL PN,-753.200,Subproducto,MP MILANESA,46
10/11/2025,261,13072983,134372G5,MAT PRIMA MILANESA TAQUERA,"7,828.400",Materia prima,MP MILANESA TAQUERA,46
10/11/2025,101,13072983,134372M1,MP MILANESA TAQUERA,"-7,715.400",Terminado,MP MILANESA TAQUERA,46
10/11/2025,531,13072983,134701M5,MP RECORTE 80 - 20 PN,-113.000,Subproducto,MP MILANESA TAQUERA,46
10/11/2025,531,13073326,134603M5,MP GRASA PN,-55.700,Subproducto,MP ARRACHERA DE CERDO,46
10/11/2025,101,13073326,134797M1,MP ARRACHERA DE CERDO,-79.000,Terminado,MP ARRACHERA DE CERDO,46
10/11/2025,261,13073326,134798C1,MAT PRIMA RECORTE MAGRO,77.600,Materia prima,MP ARRACHERA DE CERDO,46
10/11/2025,261,13073326,134798C1,MAT PRIMA RECORTE MAGRO,57.100,Materia prima,MP ARRACHERA DE CERDO,46
10/11/2025,261,13073326,134798C1,MAT PRIMA RECORTE MAGRO,24.000,Materia prima,MP ARRACHERA DE CERDO,46
10/11/2025,261,13073330,134372G3,MAT PRIMA MILANESA TAQUERA,"2,540.500",Materia prima,MP MILANESA TAQUERA,46
10/11/2025,101,13073330,134372M1,MP MILANESA TAQUERA,"-2,453.800",Terminado,MP MILANESA TAQUERA,46
10/11/2025,531,13073330,134701M5,MP RECORTE 80 - 20 PN,-86.700,Subproducto,MP MILANESA TAQUERA,46
11/11/2025,101,13073789,134208M1,MP ESPALDILLA REJALADA,"-3,015.100",Terminado,MP ESPALDILLA REJALADA,46
11/11/2025,261,13073789,134228C1,MAT PRIMA DE ESPALDILLA REJALADA,"3,644.200",Materia prima,MP ESPALDILLA REJALADA,46
11/11/2025,261,13073789,134228C1,MAT PRIMA DE ESPALDILLA REJALADA,79.800,Materia prima,MP ESPALDILLA REJALADA,46
11/11/2025,531,13073789,134603M5,MP GRASA PN,-54.500,Subproducto,MP ESPALDILLA REJALADA,46
11/11/2025,531,13073789,134701M5,MP RECORTE 80 - 20 PN,-574.600,Subproducto,MP ESPALDILLA REJALADA,46
11/11/2025,101,13073790,134209M1,MP CABEZA DE LOMO REJALADO,-901.600,Terminado,MP CABEZA DE LOMO REJALADO,46
11/11/2025,261,13073790,134281C1,MAT PRIMA DE CABEZA DE LOMO REJALADA,901.600,Materia prima,MP CABEZA DE LOMO REJALADO,46
11/11/2025,261,13073790,134281C1,MAT PRIMA DE CABEZA DE LOMO REJALADA,34.400,Materia prima,MP CABEZA DE LOMO REJALADO,46
11/11/2025,531,13073800,134307M1,MP  CHAMBARETE,-76.100,Subproducto,MP MILANESA,46
11/11/2025,101,13073800,134327M1,MP MILANESA,-950.700,Terminado,MP MILANESA,46
11/11/2025,261,13073800,134358G1,MAT PRIMA MILANESA DE PIERNA,"1,081.400",Materia prima,MP MILANESA,46
11/11/2025,261,13073800,134358G1,MAT PRIMA MILANESA DE PIERNA,84.600,Materia prima,MP MILANESA,46
11/11/2025,531,13073800,134701M5,MP RECORTE 80 - 20 PN,-54.600,Subproducto,MP MILANESA,46
11/11/2025,531,13073801,132000M5,MP DECOMISO,-53.100,Subproducto,MP MILANESA,46
11/11/2025,531,13073801,134307M1,MP  CHAMBARETE,-124.200,Subproducto,MP MILANESA,46
11/11/2025,101,13073801,134327M1,MP MILANESA,"-9,596.100",Terminado,MP MILANESA,46
11/11/2025,261,13073801,134358G5,MAT PRIMA MILANESA DE PIERNA,253.300,Materia prima,MP MILANESA,46
11/11/2025,261,13073801,134358G5,MAT PRIMA MILANESA DE PIERNA,"11,105.400",Materia prima,MP MILANESA,46
11/11/2025,261,13073801,134372G5,MAT PRIMA MILANESA TAQUERA,235.700,Materia prima,MP MILANESA,46
11/11/2025,531,13073801,134603M5,MP GRASA PN,-434.900,Subproducto,MP MILANESA,46
11/11/2025,531,13073801,134701M5,MP RECORTE 80 - 20 PN,-629.300,Subproducto,MP MILANESA,46
11/11/2025,531,13073801,134702M5,MP RECORTE ESPECIAL PN,-766.400,Subproducto,MP MILANESA,46
11/11/2025,531,13073846,134603M5,MP GRASA PN,-158.300,Subproducto,MP ARRACHERA DE CERDO,46
11/11/2025,261,13073846,134797A5,MP INT RECORTE MAGRO,483.200,Materia prima,MP ARRACHERA DE CERDO,46
11/11/2025,261,13073846,134797A5,MP INT RECORTE MAGRO,2.500,Materia prima,MP ARRACHERA DE CERDO,46
11/11/2025,101,13073846,134797M1,MP ARRACHERA DE CERDO,-380.500,Terminado,MP ARRACHERA DE CERDO,46
11/11/2025,261,13073846,134798C1,MAT PRIMA RECORTE MAGRO,55.600,Materia prima,MP ARRACHERA DE CERDO,46
11/11/2025,531,13074055,134603M5,MP GRASA PN,-85.600,Subproducto,MP ARRACHERA DE CERDO,46
11/11/2025,101,13074055,134797M1,MP ARRACHERA DE CERDO,-60.000,Terminado,MP ARRACHERA DE CERDO,46
11/11/2025,261,13074055,134798C1,MAT PRIMA RECORTE MAGRO,28.800,Materia prima,MP ARRACHERA DE CERDO,46
11/11/2025,261,13074055,134798C1,MAT PRIMA RECORTE MAGRO,50.900,Materia prima,MP ARRACHERA DE CERDO,46
11/11/2025,261,13074128,134372G5,MAT PRIMA MILANESA TAQUERA,"9,364.500",Materia prima,MP MILANESA TAQUERA,46
11/11/2025,101,13074128,134372M1,MP MILANESA TAQUERA,"-9,138.100",Terminado,MP MILANESA TAQUERA,46
11/11/2025,531,13074128,134701M5,MP RECORTE 80 - 20 PN,-226.400,Subproducto,MP MILANESA TAQUERA,46
11/11/2025,101,13074478,134209M1,MP CABEZA DE LOMO REJALADO,-984.500,Terminado,MP CABEZA DE LOMO REJALADO,46
11/11/2025,261,13074478,134281G5,MP INT CABEZA DE LOMO REJALADO,984.500,Materia prima,MP CABEZA DE LOMO REJALADO,46
11/11/2025,261,13074478,134281G5,MP INT CABEZA DE LOMO REJALADO,13.500,Materia prima,MP CABEZA DE LOMO REJALADO,46
12/11/2025,101,13074540,134208M1,MP ESPALDILLA REJALADA,"-2,981.900",Terminado,MP ESPALDILLA REJALADA,46
12/11/2025,261,13074540,134228C1,MAT PRIMA DE ESPALDILLA REJALADA,"3,719.800",Materia prima,MP ESPALDILLA REJALADA,46
12/11/2025,261,13074540,134228C1,MAT PRIMA DE ESPALDILLA REJALADA,11.200,Materia prima,MP ESPALDILLA REJALADA,46
12/11/2025,531,13074540,134603M5,MP GRASA PN,-146.800,Subproducto,MP ESPALDILLA REJALADA,46
12/11/2025,531,13074540,134701M5,MP RECORTE 80 - 20 PN,-606.200,Subproducto,MP ESPALDILLA REJALADA,46
12/11/2025,101,13074541,134209M1,MP CABEZA DE LOMO REJALADO,"-2,335.100",Terminado,MP CABEZA DE LOMO REJALADO,46
12/11/2025,261,13074541,134281C1,MAT PRIMA DE CABEZA DE LOMO REJALADA,781.000,Materia prima,MP CABEZA DE LOMO REJALADO,46
12/11/2025,261,13074541,134281C1,MAT PRIMA DE CABEZA DE LOMO REJALADA,"1,554.100",Materia prima,MP CABEZA DE LOMO REJALADO,46
12/11/2025,261,13074541,134281C1,MAT PRIMA DE CABEZA DE LOMO REJALADA,34.900,Materia prima,MP CABEZA DE LOMO REJALADO,46
12/11/2025,261,13074550,134358G1,MAT PRIMA MILANESA DE PIERNA,84.800,Materia prima,MP MILANESA,46
12/11/2025,531,13074550,134603M5,MP GRASA PN,-84.800,Subproducto,MP MILANESA,46
12/11/2025,531,13074551,132000M5,MP DECOMISO,-49.800,Subproducto,MP MILANESA,46
12/11/2025,531,13074551,134307M1,MP  CHAMBARETE,-537.100,Subproducto,MP MILANESA,46
12/11/2025,101,13074551,134327M1,MP MILANESA,"-7,969.200",Terminado,MP MILANESA,46
12/11/2025,261,13074551,134358G3,MAT PRIMA MILANESA DE PIERNA,"9,696.800",Materia prima,MP MILANESA,46
12/11/2025,261,13074551,134358G3,MAT PRIMA MILANESA DE PIERNA,234.100,Materia prima,MP MILANESA,46
12/11/2025,531,13074551,134603M5,MP GRASA PN,-384.500,Subproducto,MP MILANESA,46
12/11/2025,531,13074551,134701M5,MP RECORTE 80 - 20 PN,-644.400,Subproducto,MP MILANESA,46
12/11/2025,531,13074551,134702M5,MP RECORTE ESPECIAL PN,-350.800,Subproducto,MP MILANESA,46
12/11/2025,261,13074598,134372G3,MAT PRIMA MILANESA TAQUERA,"7,882.100",Materia prima,MP MILANESA TAQUERA,46
12/11/2025,101,13074598,134372M1,MP MILANESA TAQUERA,"-7,716.900",Terminado,MP MILANESA TAQUERA,46
12/11/2025,531,13074598,134701M5,MP RECORTE 80 - 20 PN,-165.200,Subproducto,MP MILANESA TAQUERA,46
12/11/2025,531,13074601,134603M5,MP GRASA PN,-52.300,Subproducto,MP ARRACHERA DE CERDO,46
12/11/2025,261,13074601,134797A5,MP INT RECORTE MAGRO,427.800,Materia prima,MP ARRACHERA DE CERDO,46
12/11/2025,261,13074601,134797A5,MP INT RECORTE MAGRO,84.100,Materia prima,MP ARRACHERA DE CERDO,46
12/11/2025,101,13074601,134797M1,MP ARRACHERA DE CERDO,-375.500,Terminado,MP ARRACHERA DE CERDO,46
12/11/2025,531,13074870,134603M5,MP GRASA PN,-85.200,Subproducto,MP ARRACHERA DE CERDO,46
12/11/2025,101,13074870,134797M1,MP ARRACHERA DE CERDO,-119.600,Terminado,MP ARRACHERA DE CERDO,46
12/11/2025,261,13074870,134798C1,MAT PRIMA RECORTE MAGRO,204.800,Materia prima,MP ARRACHERA DE CERDO,46
12/11/2025,261,13074870,134798C1,MAT PRIMA RECORTE MAGRO,52.100,Materia prima,MP ARRACHERA DE CERDO,46
12/11/2025,261,13075000,134372G1,MAT PRIMA MILANESA TAQUERA,"2,774.600",Materia prima,MP MILANESA TAQUERA,46
12/11/2025,261,13075000,134372G1,MAT PRIMA MILANESA TAQUERA,359.200,Materia prima,MP MILANESA TAQUERA,46
12/11/2025,261,13075000,134372G1,MAT PRIMA MILANESA TAQUERA,38.000,Materia prima,MP MILANESA TAQUERA,46
12/11/2025,101,13075000,134372M1,MP MILANESA TAQUERA,"-2,994.300",Terminado,MP MILANESA TAQUERA,46
12/11/2025,531,13075000,134701M5,MP RECORTE 80 - 20 PN,-139.500,Subproducto,MP MILANESA TAQUERA,46
13/11/2025,531,13075392,132000M5,MP DECOMISO,-9.400,Subproducto,MP ESPALDILLA REJALADA,46
13/11/2025,101,13075392,134208M1,MP ESPALDILLA REJALADA,"-2,894.000",Terminado,MP ESPALDILLA REJALADA,46
13/11/2025,261,13075392,134228C1,MAT PRIMA DE ESPALDILLA REJALADA,"3,452.800",Materia prima,MP ESPALDILLA REJALADA,46
13/11/2025,261,13075392,134228C1,MAT PRIMA DE ESPALDILLA REJALADA,119.200,Materia prima,MP ESPALDILLA REJALADA,46
13/11/2025,531,13075392,134603M5,MP GRASA PN,-56.900,Subproducto,MP ESPALDILLA REJALADA,46
13/11/2025,531,13075392,134701M5,MP RECORTE 80 - 20 PN,-492.500,Subproducto,MP ESPALDILLA REJALADA,46
13/11/2025,101,13075393,134209M1,MP CABEZA DE LOMO REJALADO,"-2,346.500",Terminado,MP CABEZA DE LOMO REJALADO,46
13/11/2025,261,13075393,134281C1,MAT PRIMA DE CABEZA DE LOMO REJALADA,"2,346.500",Materia prima,MP CABEZA DE LOMO REJALADO,46
13/11/2025,261,13075393,134281C1,MAT PRIMA DE CABEZA DE LOMO REJALADA,22.700,Materia prima,MP CABEZA DE LOMO REJALADO,46
13/11/2025,531,13075404,134307M1,MP  CHAMBARETE,-337.100,Subproducto,MP MILANESA,46
13/11/2025,101,13075404,134327M1,MP MILANESA,"-4,062.900",Terminado,MP MILANESA,46
13/11/2025,261,13075404,134358G1,MAT PRIMA MILANESA DE PIERNA,"4,948.500",Materia prima,MP MILANESA,46
13/11/2025,261,13075404,134358G1,MAT PRIMA MILANESA DE PIERNA,9.500,Materia prima,MP MILANESA,46
13/11/2025,531,13075404,134603M5,MP GRASA PN,-145.800,Subproducto,MP MILANESA,46
13/11/2025,531,13075404,134701M5,MP RECORTE 80 - 20 PN,-448.200,Subproducto,MP MILANESA,46
13/11/2025,531,13075405,132000M5,MP DECOMISO,-53.100,Subproducto,MP MILANESA,46
13/11/2025,531,13075405,134307M1,MP  CHAMBARETE,-746.800,Subproducto,MP MILANESA,46
13/11/2025,101,13075405,134327M1,MP MILANESA,"-10,055.900",Terminado,MP MILANESA,46
13/11/2025,261,13075405,134358G5,MAT PRIMA MILANESA DE PIERNA,"12,037.400",Materia prima,MP MILANESA,46
13/11/2025,261,13075405,134358G5,MAT PRIMA MILANESA DE PIERNA,8.800,Materia prima,MP MILANESA,46
13/11/2025,531,13075405,134603M5,MP GRASA PN,-393.200,Subproducto,MP MILANESA,46
13/11/2025,531,13075405,134701M5,MP RECORTE 80 - 20 PN,-688.500,Subproducto,MP MILANESA,46
13/11/2025,531,13075405,134702M5,MP RECORTE ESPECIAL PN,-145.400,Subproducto,MP MILANESA,46
13/11/2025,261,13075448,134372G1,MAT PRIMA MILANESA TAQUERA,"3,328.000",Materia prima,MP MILANESA TAQUERA,46
13/11/2025,261,13075448,134372G1,MAT PRIMA MILANESA TAQUERA,10.000,Materia prima,MP MILANESA TAQUERA,46
13/11/2025,101,13075448,134372M1,MP MILANESA TAQUERA,"-3,192.800",Terminado,MP MILANESA TAQUERA,46
13/11/2025,531,13075448,134701M5,MP RECORTE 80 - 20 PN,-135.200,Subproducto,MP MILANESA TAQUERA,46
13/11/2025,531,13075514,134603M5,MP GRASA PN,-83.400,Subproducto,MP ARRACHERA DE CERDO,46
13/11/2025,101,13075514,134797M1,MP ARRACHERA DE CERDO,-82.900,Terminado,MP ARRACHERA DE CERDO,46
13/11/2025,261,13075514,134798C1,MAT PRIMA RECORTE MAGRO,137.600,Materia prima,MP ARRACHERA DE CERDO,46
13/11/2025,261,13075514,134798C1,MAT PRIMA RECORTE MAGRO,25.500,Materia prima,MP ARRACHERA DE CERDO,46
13/11/2025,101,13075547,134209M1,MP CABEZA DE LOMO REJALADO,"-1,024.900",Terminado,MP CABEZA DE LOMO REJALADO,46
13/11/2025,261,13075547,134281G5,MP INT CABEZA DE LOMO REJALADO,"1,024.900",Materia prima,MP CABEZA DE LOMO REJALADO,46
13/11/2025,261,13075547,134281G5,MP INT CABEZA DE LOMO REJALADO,14.100,Materia prima,MP CABEZA DE LOMO REJALADO,46
14/11/2025,531,13076157,132000M5,MP DECOMISO,-11.000,Subproducto,MP ESPALDILLA REJALADA,46
14/11/2025,101,13076157,134208M1,MP ESPALDILLA REJALADA,"-2,685.200",Terminado,MP ESPALDILLA REJALADA,46
14/11/2025,261,13076157,134228C1,MAT PRIMA DE ESPALDILLA REJALADA,"3,349.200",Materia prima,MP ESPALDILLA REJALADA,46
14/11/2025,261,13076157,134228C1,MAT PRIMA DE ESPALDILLA REJALADA,5.800,Materia prima,MP ESPALDILLA REJALADA,46
14/11/2025,531,13076157,134603M5,MP GRASA PN,-200.900,Subproducto,MP ESPALDILLA REJALADA,46
14/11/2025,531,13076157,134701M5,MP RECORTE 80 - 20 PN,-497.600,Subproducto,MP ESPALDILLA REJALADA,46
14/11/2025,101,13076158,134209M1,MP CABEZA DE LOMO REJALADO,"-1,654.300",Terminado,MP CABEZA DE LOMO REJALADO,46
14/11/2025,261,13076158,134281C1,MAT PRIMA DE CABEZA DE LOMO REJALADA,"1,624.300",Materia prima,MP CABEZA DE LOMO REJALADO,46
14/11/2025,261,13076158,134281C1,MAT PRIMA DE CABEZA DE LOMO REJALADA,10.700,Materia prima,MP CABEZA DE LOMO REJALADO,46
14/11/2025,261,13076158,134281G5,MP INT CABEZA DE LOMO REJALADO,88.400,Materia prima,MP CABEZA DE LOMO REJALADO,46
14/11/2025,261,13076158,134281G5,MP INT CABEZA DE LOMO REJALADO,0.029,Materia prima,MP CABEZA DE LOMO REJALADO,46
14/11/2025,531,13076166,134307M1,MP  CHAMBARETE,-98.600,Subproducto,MP MILANESA,46
14/11/2025,101,13076166,134327M1,MP MILANESA,"-1,257.300",Terminado,MP MILANESA,46
14/11/2025,261,13076166,134358G1,MAT PRIMA MILANESA DE PIERNA,"1,479.300",Materia prima,MP MILANESA,46
14/11/2025,261,13076166,134358G1,MAT PRIMA MILANESA DE PIERNA,106.700,Materia prima,MP MILANESA,46
14/11/2025,531,13076166,134603M5,MP GRASA PN,-115.600,Subproducto,MP MILANESA,46
14/11/2025,531,13076166,134701M5,MP RECORTE 80 - 20 PN,-114.500,Subproducto,MP MILANESA,46
14/11/2025,531,13076167,132000M5,MP DECOMISO,-39.400,Subproducto,MP MILANESA,46
14/11/2025,531,13076167,134307M1,MP  CHAMBARETE,-212.700,Subproducto,MP MILANESA,46
14/11/2025,101,13076167,134327M1,MP MILANESA,"-1,890.800",Terminado,MP MILANESA,46
14/11/2025,261,13076167,134358G3,MAT PRIMA MILANESA DE PIERNA,"2,366.800",Materia prima,MP MILANESA,46
14/11/2025,261,13076167,134358G3,MAT PRIMA MILANESA DE PIERNA,117.000,Materia prima,MP MILANESA,46
14/11/2025,531,13076167,134603M5,MP GRASA PN,-113.400,Subproducto,MP MILANESA,46
14/11/2025,531,13076167,134701M5,MP RECORTE 80 - 20 PN,-118.700,Subproducto,MP MILANESA,46
14/11/2025,531,13076167,134702M5,MP RECORTE ESPECIAL PN,-108.800,Subproducto,MP MILANESA,46
14/11/2025,261,13076207,134372G3,MAT PRIMA MILANESA TAQUERA,"8,609.200",Materia prima,MP MILANESA TAQUERA,46
14/11/2025,261,13076207,134372G3,MAT PRIMA MILANESA TAQUERA,143.000,Materia prima,MP MILANESA TAQUERA,46
14/11/2025,101,13076207,134372M1,MP MILANESA TAQUERA,"-8,407.100",Terminado,MP MILANESA TAQUERA,46
14/11/2025,531,13076207,134701M5,MP RECORTE 80 - 20 PN,-202.100,Subproducto,MP MILANESA TAQUERA,46
14/11/2025,101,13076536,134209M1,MP CABEZA DE LOMO REJALADO,"-3,008.600",Terminado,MP CABEZA DE LOMO REJALADO,46
14/11/2025,261,13076536,134281G5,MP INT CABEZA DE LOMO REJALADO,"3,008.600",Materia prima,MP CABEZA DE LOMO REJALADO,46
14/11/2025,261,13076536,134281G5,MP INT CABEZA DE LOMO REJALADO,0.971,Materia prima,MP CABEZA DE LOMO REJALADO,46
14/11/2025,531,13076703,134603M5,MP GRASA PN,-114.900,Subproducto,MP ARRACHERA DE CERDO,46
14/11/2025,101,13076703,134797M1,MP ARRACHERA DE CERDO,-114.900,Terminado,MP ARRACHERA DE CERDO,46
14/11/2025,261,13076703,134798C1,MAT PRIMA RECORTE MAGRO,229.800,Materia prima,MP ARRACHERA DE CERDO,46
14/11/2025,261,13076703,134798C1,MAT PRIMA RECORTE MAGRO,3.400,Materia prima,MP ARRACHERA DE CERDO,46
14/11/2025,261,13076713,134372G1,MAT PRIMA MILANESA TAQUERA,"4,821.000",Materia prima,MP MILANESA TAQUERA,46
14/11/2025,261,13076713,134372G1,MAT PRIMA MILANESA TAQUERA,80.000,Materia prima,MP MILANESA TAQUERA,46
14/11/2025,101,13076713,134372M1,MP MILANESA TAQUERA,"-4,655.600",Terminado,MP MILANESA TAQUERA,46
14/11/2025,531,13076713,134701M5,MP RECORTE 80 - 20 PN,-165.400,Subproducto,MP MILANESA TAQUERA,46
15/11/2025,531,13076904,132000M5,MP DECOMISO,-23.600,Subproducto,MP MILANESA,46
15/11/2025,531,13076904,134307M1,MP  CHAMBARETE,-193.000,Subproducto,MP MILANESA,46
15/11/2025,101,13076904,134327M1,MP MILANESA,"-8,354.000",Terminado,MP MILANESA,46
15/11/2025,261,13076904,134358G5,MAT PRIMA MILANESA DE PIERNA,"9,954.400",Materia prima,MP MILANESA,46
15/11/2025,261,13076904,134358G5,MAT PRIMA MILANESA DE PIERNA,76.000,Materia prima,MP MILANESA,46
15/11/2025,531,13076904,134603M5,MP GRASA PN,-286.900,Subproducto,MP MILANESA,46
15/11/2025,531,13076904,134701M5,MP RECORTE 80 - 20 PN,-629.400,Subproducto,MP MILANESA,46
15/11/2025,531,13076904,134702M5,MP RECORTE ESPECIAL PN,-543.500,Subproducto,MP MILANESA,46
15/11/2025,261,13076931,134372G5,MAT PRIMA MILANESA TAQUERA,"1,917.100",Materia prima,MP MILANESA TAQUERA,46
15/11/2025,261,13076931,134372G5,MAT PRIMA MILANESA TAQUERA,63.500,Materia prima,MP MILANESA TAQUERA,46
15/11/2025,101,13076931,134372M1,MP MILANESA TAQUERA,"-1,917.100",Terminado,MP MILANESA TAQUERA,46
15/11/2025,261,13076995,134372G1,MAT PRIMA MILANESA TAQUERA,840.100,Materia prima,MP MILANESA TAQUERA,46
15/11/2025,261,13076995,134372G1,MAT PRIMA MILANESA TAQUERA,29.900,Materia prima,MP MILANESA TAQUERA,46
15/11/2025,101,13076995,134372M1,MP MILANESA TAQUERA,-840.100,Terminado,MP MILANESA TAQUERA,46
17/11/2025,531,13078072,134603M5,MP GRASA PN,-108.900,Subproducto,MP ARRACHERA DE CERDO,47
17/11/2025,101,13078072,134797M1,MP ARRACHERA DE CERDO,-90.200,Terminado,MP ARRACHERA DE CERDO,47
17/11/2025,261,13078072,134798C1,MAT PRIMA RECORTE MAGRO,180.300,Materia prima,MP ARRACHERA DE CERDO,47
17/11/2025,261,13078072,134798C1,MAT PRIMA RECORTE MAGRO,15.900,Materia prima,MP ARRACHERA DE CERDO,47
17/11/2025,531,13078100,132000M5,MP DECOMISO,-25.800,Subproducto,MP MILANESA,47
17/11/2025,531,13078100,134307M1,MP  CHAMBARETE,-939.600,Subproducto,MP MILANESA,47
17/11/2025,101,13078100,134327M1,MP MILANESA,"-12,649.600",Terminado,MP MILANESA,47
17/11/2025,261,13078100,134358G5,MAT PRIMA MILANESA DE PIERNA,"15,108.000",Materia prima,MP MILANESA,47
17/11/2025,531,13078100,134603M5,MP GRASA PN,-366.100,Subproducto,MP MILANESA,47
17/11/2025,531,13078100,134701M5,MP RECORTE 80 - 20 PN,-807.800,Subproducto,MP MILANESA,47
17/11/2025,531,13078100,134702M5,MP RECORTE ESPECIAL PN,-175.100,Subproducto,MP MILANESA,47
18/11/2025,531,13078437,132000M5,MP DECOMISO,-29.400,Subproducto,MP ESPALDILLA REJALADA,47
18/11/2025,101,13078437,134208M1,MP ESPALDILLA REJALADA,"-3,274.500",Terminado,MP ESPALDILLA REJALADA,47
18/11/2025,261,13078437,134228C1,MAT PRIMA DE ESPALDILLA REJALADA,"4,043.900",Materia prima,MP ESPALDILLA REJALADA,47
18/11/2025,261,13078437,134228C1,MAT PRIMA DE ESPALDILLA REJALADA,21.300,Materia prima,MP ESPALDILLA REJALADA,47
18/11/2025,531,13078437,134603M5,MP GRASA PN,-167.700,Subproducto,MP ESPALDILLA REJALADA,47
18/11/2025,531,13078437,134701M5,MP RECORTE 80 - 20 PN,-572.300,Subproducto,MP ESPALDILLA REJALADA,47
18/11/2025,101,13078438,134209M1,MP CABEZA DE LOMO REJALADO,"-1,645.300",Terminado,MP CABEZA DE LOMO REJALADO,47
18/11/2025,261,13078438,134281C1,MAT PRIMA DE CABEZA DE LOMO REJALADA,"1,645.300",Materia prima,MP CABEZA DE LOMO REJALADO,47
18/11/2025,261,13078438,134281C1,MAT PRIMA DE CABEZA DE LOMO REJALADA,21.700,Materia prima,MP CABEZA DE LOMO REJALADO,47
18/11/2025,531,13078449,132000M5,MP DECOMISO,-38.600,Subproducto,MP MILANESA,47
18/11/2025,531,13078449,134307M1,MP  CHAMBARETE,-30.600,Subproducto,MP MILANESA,47
18/11/2025,101,13078449,134327M1,MP MILANESA,"-6,258.700",Terminado,MP MILANESA,47
18/11/2025,261,13078449,134358G5,MAT PRIMA MILANESA DE PIERNA,"7,486.500",Materia prima,MP MILANESA,47
18/11/2025,261,13078449,134358G5,MAT PRIMA MILANESA DE PIERNA,397.900,Materia prima,MP MILANESA,47
18/11/2025,261,13078449,134358G5,MAT PRIMA MILANESA DE PIERNA,3.200,Materia prima,MP MILANESA,47
18/11/2025,531,13078449,134603M5,MP GRASA PN,-435.200,Subproducto,MP MILANESA,47
18/11/2025,531,13078449,134701M5,MP RECORTE 80 - 20 PN,-467.600,Subproducto,MP MILANESA,47
18/11/2025,531,13078449,134702M5,MP RECORTE ESPECIAL PN,-653.700,Subproducto,MP MILANESA,47
18/11/2025,261,13078486,134372G5,MAT PRIMA MILANESA TAQUERA,"8,587.000",Materia prima,MP MILANESA TAQUERA,47
18/11/2025,261,13078486,134372G5,MAT PRIMA MILANESA TAQUERA,"10,541.000",Materia prima,MP MILANESA TAQUERA,47
18/11/2025,261,13078486,134372G5,MAT PRIMA MILANESA TAQUERA,167.000,Materia prima,MP MILANESA TAQUERA,47
18/11/2025,101,13078486,134372M1,MP MILANESA TAQUERA,"-18,671.300",Terminado,MP MILANESA TAQUERA,47
18/11/2025,531,13078486,134701M5,MP RECORTE 80 - 20 PN,-456.700,Subproducto,MP MILANESA TAQUERA,47
18/11/2025,531,13078488,134603M5,MP GRASA PN,-58.400,Subproducto,MP ARRACHERA DE CERDO,47
18/11/2025,261,13078488,134797A5,MP INT RECORTE MAGRO,314.700,Materia prima,MP ARRACHERA DE CERDO,47
18/11/2025,261,13078488,134797A5,MP INT RECORTE MAGRO,10.100,Materia prima,MP ARRACHERA DE CERDO,47
18/11/2025,101,13078488,134797M1,MP ARRACHERA DE CERDO,-256.300,Terminado,MP ARRACHERA DE CERDO,47
18/11/2025,101,13078768,134209M1,MP CABEZA DE LOMO REJALADO,"-2,945.000",Terminado,MP CABEZA DE LOMO REJALADO,47
18/11/2025,261,13078768,134281G5,MP INT CABEZA DE LOMO REJALADO,"1,991.000",Materia prima,MP CABEZA DE LOMO REJALADO,47
18/11/2025,261,13078768,134281G5,MP INT CABEZA DE LOMO REJALADO,954.000,Materia prima,MP CABEZA DE LOMO REJALADO,47
18/11/2025,261,13078768,134281G5,MP INT CABEZA DE LOMO REJALADO,53.000,Materia prima,MP CABEZA DE LOMO REJALADO,47
19/11/2025,531,13079304,132000M5,MP DECOMISO,-10.200,Subproducto,MP ESPALDILLA REJALADA,47
19/11/2025,101,13079304,134208M1,MP ESPALDILLA REJALADA,"-1,608.300",Terminado,MP ESPALDILLA REJALADA,47
19/11/2025,261,13079304,134228C1,MAT PRIMA DE ESPALDILLA REJALADA,"1,983.000",Materia prima,MP ESPALDILLA REJALADA,47
19/11/2025,261,13079304,134228C1,MAT PRIMA DE ESPALDILLA REJALADA,14.000,Materia prima,MP ESPALDILLA REJALADA,47
19/11/2025,531,13079304,134603M5,MP GRASA PN,-85.200,Subproducto,MP ESPALDILLA REJALADA,47
19/11/2025,531,13079304,134701M5,MP RECORTE 80 - 20 PN,-309.600,Subproducto,MP ESPALDILLA REJALADA,47
19/11/2025,101,13079305,134209M1,MP CABEZA DE LOMO REJALADO,"-1,714.800",Terminado,MP CABEZA DE LOMO REJALADO,47
19/11/2025,261,13079305,134281C1,MAT PRIMA DE CABEZA DE LOMO REJALADA,914.000,Materia prima,MP CABEZA DE LOMO REJALADO,47
19/11/2025,261,13079305,134281C1,MAT PRIMA DE CABEZA DE LOMO REJALADA,800.800,Materia prima,MP CABEZA DE LOMO REJALADO,47
19/11/2025,261,13079305,134281C1,MAT PRIMA DE CABEZA DE LOMO REJALADA,31.200,Materia prima,MP CABEZA DE LOMO REJALADO,47
19/11/2025,531,13079313,134307M1,MP  CHAMBARETE,-198.900,Subproducto,MP MILANESA,47
19/11/2025,101,13079313,134327M1,MP MILANESA,"-2,239.700",Terminado,MP MILANESA,47
19/11/2025,261,13079313,134358G1,MAT PRIMA MILANESA DE PIERNA,"2,691.500",Materia prima,MP MILANESA,47
19/11/2025,261,13079313,134358G1,MAT PRIMA MILANESA DE PIERNA,25.500,Materia prima,MP MILANESA,47
19/11/2025,531,13079313,134603M5,MP GRASA PN,-56.200,Subproducto,MP MILANESA,47
19/11/2025,531,13079313,134701M5,MP RECORTE 80 - 20 PN,-225.500,Subproducto,MP MILANESA,47
19/11/2025,531,13079314,132000M5,MP DECOMISO,-34.400,Subproducto,MP MILANESA,47
19/11/2025,531,13079314,134307M1,MP  CHAMBARETE,-800.000,Subproducto,MP MILANESA,47
19/11/2025,101,13079314,134327M1,MP MILANESA,"-8,400.900",Terminado,MP MILANESA,47
19/11/2025,261,13079314,134358G3,MAT PRIMA MILANESA DE PIERNA,"10,394.200",Materia prima,MP MILANESA,47
19/11/2025,261,13079314,134358G3,MAT PRIMA MILANESA DE PIERNA,56.800,Materia prima,MP MILANESA,47
19/11/2025,531,13079314,134603M5,MP GRASA PN,-228.800,Subproducto,MP MILANESA,47
19/11/2025,531,13079314,134701M5,MP RECORTE 80 - 20 PN,-733.700,Subproducto,MP MILANESA,47
19/11/2025,531,13079314,134702M5,MP RECORTE ESPECIAL PN,-196.400,Subproducto,MP MILANESA,47
19/11/2025,261,13079382,134372G3,MAT PRIMA MILANESA TAQUERA,"3,427.500",Materia prima,MP MILANESA TAQUERA,47
19/11/2025,261,13079382,134372G3,MAT PRIMA MILANESA TAQUERA,29.500,Materia prima,MP MILANESA TAQUERA,47
19/11/2025,101,13079382,134372M1,MP MILANESA TAQUERA,"-3,432.000",Terminado,MP MILANESA TAQUERA,47
19/11/2025,531,13079382,134701M5,MP RECORTE 80 - 20 PN,-56.900,Subproducto,MP MILANESA TAQUERA,47
19/11/2025,531,13079384,134603M5,MP GRASA PN,-186.500,Subproducto,MP ARRACHERA DE CERDO,47
19/11/2025,261,13079384,134797A5,MP INT RECORTE MAGRO,134.000,Materia prima,MP ARRACHERA DE CERDO,47
19/11/2025,261,13079384,134797A5,MP INT RECORTE MAGRO,489.200,Materia prima,MP ARRACHERA DE CERDO,47
19/11/2025,261,13079384,134797A5,MP INT RECORTE MAGRO,21.800,Materia prima,MP ARRACHERA DE CERDO,47
19/11/2025,101,13079384,134797M1,MP ARRACHERA DE CERDO,-461.700,Terminado,MP ARRACHERA DE CERDO,47
19/11/2025,531,13079647,134603M5,MP GRASA PN,-225.100,Subproducto,MP ARRACHERA DE CERDO,47
19/11/2025,101,13079647,134797M1,MP ARRACHERA DE CERDO,-253.700,Terminado,MP ARRACHERA DE CERDO,47
19/11/2025,261,13079647,134798C1,MAT PRIMA RECORTE MAGRO,478.800,Materia prima,MP ARRACHERA DE CERDO,47
19/11/2025,261,13079647,134798C1,MAT PRIMA RECORTE MAGRO,2.800,Materia prima,MP ARRACHERA DE CERDO,47
20/11/2025,531,13080111,132000M5,MP DECOMISO,-18.900,Subproducto,MP ESPALDILLA REJALADA,47
20/11/2025,101,13080111,134208M1,MP ESPALDILLA REJALADA,"-3,531.300",Terminado,MP ESPALDILLA REJALADA,47
20/11/2025,261,13080111,134228C1,MAT PRIMA DE ESPALDILLA REJALADA,"4,328.900",Materia prima,MP ESPALDILLA REJALADA,47
20/11/2025,261,13080111,134228C1,MAT PRIMA DE ESPALDILLA REJALADA,2.100,Materia prima,MP ESPALDILLA REJALADA,47
20/11/2025,531,13080111,134603M5,MP GRASA PN,-171.000,Subproducto,MP ESPALDILLA REJALADA,47
20/11/2025,531,13080111,134701M5,MP RECORTE 80 - 20 PN,-641.800,Subproducto,MP ESPALDILLA REJALADA,47
20/11/2025,101,13080112,134209M1,MP CABEZA DE LOMO REJALADO,"-3,140.700",Terminado,MP CABEZA DE LOMO REJALADO,47
20/11/2025,261,13080112,134281C1,MAT PRIMA DE CABEZA DE LOMO REJALADA,776.000,Materia prima,MP CABEZA DE LOMO REJALADO,47
20/11/2025,261,13080112,134281C1,MAT PRIMA DE CABEZA DE LOMO REJALADA,"2,364.700",Materia prima,MP CABEZA DE LOMO REJALADO,47
20/11/2025,531,13080120,134307M1,MP  CHAMBARETE,-566.000,Subproducto,MP MILANESA,47
20/11/2025,101,13080120,134327M1,MP MILANESA,"-6,742.300",Terminado,MP MILANESA,47
20/11/2025,261,13080120,134358G1,MAT PRIMA MILANESA DE PIERNA,"7,827.400",Materia prima,MP MILANESA,47
20/11/2025,261,13080120,134358G1,MAT PRIMA MILANESA DE PIERNA,182.200,Materia prima,MP MILANESA,47
20/11/2025,531,13080120,134603M5,MP GRASA PN,-144.800,Subproducto,MP MILANESA,47
20/11/2025,531,13080120,134701M5,MP RECORTE 80 - 20 PN,-556.500,Subproducto,MP MILANESA,47
20/11/2025,261,13080162,134372G1,MAT PRIMA MILANESA TAQUERA,153.600,Materia prima,MP MILANESA TAQUERA,47
20/11/2025,261,13080162,134372G1,MAT PRIMA MILANESA TAQUERA,153.600,Materia prima,MP MILANESA TAQUERA,47
20/11/2025,261,13080162,134372G1,MAT PRIMA MILANESA TAQUERA,18.322,Materia prima,MP MILANESA TAQUERA,47
20/11/2025,261,13080162,134372G3,MAT PRIMA MILANESA TAQUERA,"3,393.000",Materia prima,MP MILANESA TAQUERA,47
20/11/2025,261,13080162,134372G3,MAT PRIMA MILANESA TAQUERA,"5,310.000",Materia prima,MP MILANESA TAQUERA,47
20/11/2025,101,13080162,134372M1,MP MILANESA TAQUERA,"-8,637.600",Terminado,MP MILANESA TAQUERA,47
20/11/2025,531,13080162,134701M5,MP RECORTE 80 - 20 PN,-219.000,Subproducto,MP MILANESA TAQUERA,47
20/11/2025,261,13080406,134281C1,MAT PRIMA DE CABEZA DE LOMO REJALADA,59.300,Materia prima,MP ARRACHERA DE CERDO,47
20/11/2025,531,13080406,134603M5,MP GRASA PN,-29.600,Subproducto,MP ARRACHERA DE CERDO,47
20/11/2025,101,13080406,134797M1,MP ARRACHERA DE CERDO,-30.000,Terminado,MP ARRACHERA DE CERDO,47
20/11/2025,261,13080415,134372G1,MAT PRIMA MILANESA TAQUERA,"1,230.500",Materia prima,MP MILANESA TAQUERA,47
20/11/2025,261,13080415,134372G1,MAT PRIMA MILANESA TAQUERA,73.378,Materia prima,MP MILANESA TAQUERA,47
20/11/2025,101,13080415,134372M1,MP MILANESA TAQUERA,"-1,174.500",Terminado,MP MILANESA TAQUERA,47
20/11/2025,531,13080415,134701M5,MP RECORTE 80 - 20 PN,-56.000,Subproducto,MP MILANESA TAQUERA,47
20/11/2025,531,13080431,132000M5,MP DECOMISO,-42.800,Subproducto,MP MILANESA,47
20/11/2025,531,13080431,134307M1,MP  CHAMBARETE,-351.600,Subproducto,MP MILANESA,47
20/11/2025,101,13080431,134327M1,MP MILANESA,"-5,022.500",Terminado,MP MILANESA,47
20/11/2025,261,13080431,134358G3,MAT PRIMA MILANESA DE PIERNA,844.000,Materia prima,MP MILANESA,47
20/11/2025,261,13080431,134358G3,MAT PRIMA MILANESA DE PIERNA,"5,322.100",Materia prima,MP MILANESA,47
20/11/2025,261,13080431,134358G3,MAT PRIMA MILANESA DE PIERNA,42.800,Materia prima,MP MILANESA,47
20/11/2025,261,13080431,134358G3,MAT PRIMA MILANESA DE PIERNA,169.100,Materia prima,MP MILANESA,47
20/11/2025,531,13080431,134603M5,MP GRASA PN,-170.800,Subproducto,MP MILANESA,47
20/11/2025,531,13080431,134701M5,MP RECORTE 80 - 20 PN,-392.600,Subproducto,MP MILANESA,47
20/11/2025,531,13080431,134702M5,MP RECORTE ESPECIAL PN,-228.600,Subproducto,MP MILANESA,47
21/11/2025,101,13080864,134208M1,MP ESPALDILLA REJALADA,"-2,005.700",Terminado,MP ESPALDILLA REJALADA,47
21/11/2025,261,13080864,134228C1,MAT PRIMA DE ESPALDILLA REJALADA,"2,471.300",Materia prima,MP ESPALDILLA REJALADA,47
21/11/2025,261,13080864,134228C1,MAT PRIMA DE ESPALDILLA REJALADA,13.700,Materia prima,MP ESPALDILLA REJALADA,47
21/11/2025,531,13080864,134603M5,MP GRASA PN,-87.600,Subproducto,MP ESPALDILLA REJALADA,47
21/11/2025,531,13080864,134701M5,MP RECORTE 80 - 20 PN,-378.000,Subproducto,MP ESPALDILLA REJALADA,47
21/11/2025,101,13080865,134209M1,MP CABEZA DE LOMO REJALADO,"-1,140.800",Terminado,MP CABEZA DE LOMO REJALADO,47
21/11/2025,261,13080865,134281C1,MAT PRIMA DE CABEZA DE LOMO REJALADA,"1,140.800",Materia prima,MP CABEZA DE LOMO REJALADO,47
21/11/2025,261,13080865,134281C1,MAT PRIMA DE CABEZA DE LOMO REJALADA,13.200,Materia prima,MP CABEZA DE LOMO REJALADO,47
21/11/2025,531,13080873,132000M5,MP DECOMISO,-38.100,Subproducto,MP MILANESA,47
21/11/2025,531,13080873,134307M1,MP  CHAMBARETE,-98.600,Subproducto,MP MILANESA,47
21/11/2025,101,13080873,134327M1,MP MILANESA,"-1,234.700",Terminado,MP MILANESA,47
21/11/2025,261,13080873,134358G1,MAT PRIMA MILANESA DE PIERNA,948.000,Materia prima,MP MILANESA,47
21/11/2025,261,13080873,134358G1,MAT PRIMA MILANESA DE PIERNA,499.800,Materia prima,MP MILANESA,47
21/11/2025,261,13080873,134358G1,MAT PRIMA MILANESA DE PIERNA,38.730,Materia prima,MP MILANESA,47
21/11/2025,261,13080873,134358G5,MAT PRIMA MILANESA DE PIERNA,355.900,Materia prima,MP MILANESA,47
21/11/2025,531,13080873,134603M5,MP GRASA PN,-255.600,Subproducto,MP MILANESA,47
21/11/2025,531,13080873,134701M5,MP RECORTE 80 - 20 PN,-87.000,Subproducto,MP MILANESA,47
21/11/2025,531,13080873,134702M5,MP RECORTE ESPECIAL PN,-89.700,Subproducto,MP MILANESA,47
21/11/2025,261,13080915,134372G5,MAT PRIMA MILANESA TAQUERA,"11,089.100",Materia prima,MP MILANESA TAQUERA,47
21/11/2025,101,13080915,134372M1,MP MILANESA TAQUERA,"-10,868.800",Terminado,MP MILANESA TAQUERA,47
21/11/2025,531,13080915,134701M5,MP RECORTE 80 - 20 PN,-322.700,Subproducto,MP MILANESA TAQUERA,47
21/11/2025,531,13081400,134603M5,MP GRASA PN,-120.400,Subproducto,MP ARRACHERA DE CERDO,47
21/11/2025,101,13081400,134797M1,MP ARRACHERA DE CERDO,-147.100,Terminado,MP ARRACHERA DE CERDO,47
21/11/2025,261,13081400,134798C1,MAT PRIMA RECORTE MAGRO,267.500,Materia prima,MP ARRACHERA DE CERDO,47
21/11/2025,261,13081400,134798C1,MAT PRIMA RECORTE MAGRO,7.200,Materia prima,MP ARRACHERA DE CERDO,47
21/11/2025,101,13081421,134327M1,MP MILANESA,-120.300,Terminado,MP MILANESA,47
21/11/2025,261,13081421,134358G1,MAT PRIMA MILANESA DE PIERNA,149.100,Materia prima,MP MILANESA,47
21/11/2025,261,13081421,134358G1,MAT PRIMA MILANESA DE PIERNA,3.988,Materia prima,MP MILANESA,47
21/11/2025,531,13081421,134701M5,MP RECORTE 80 - 20 PN,-28.800,Subproducto,MP MILANESA,47
21/11/2025,261,13081422,134372G1,MAT PRIMA MILANESA TAQUERA,"2,308.300",Materia prima,MP MILANESA TAQUERA,47
21/11/2025,261,13081422,134372G1,MAT PRIMA MILANESA TAQUERA,18.700,Materia prima,MP MILANESA TAQUERA,47
21/11/2025,101,13081422,134372M1,MP MILANESA TAQUERA,"-2,277.500",Terminado,MP MILANESA TAQUERA,47
21/11/2025,531,13081422,134701M5,MP RECORTE 80 - 20 PN,-30.800,Subproducto,MP MILANESA TAQUERA,47
21/11/2025,531,13081423,134307M1,MP  CHAMBARETE,-239.700,Subproducto,MP MILANESA,47
21/11/2025,101,13081423,134327M1,MP MILANESA,"-2,800.900",Terminado,MP MILANESA,47
21/11/2025,261,13081423,134358G1,MAT PRIMA MILANESA DE PIERNA,"3,307.900",Materia prima,MP MILANESA,47
21/11/2025,261,13081423,134358G1,MAT PRIMA MILANESA DE PIERNA,88.482,Materia prima,MP MILANESA,47
21/11/2025,531,13081423,134603M5,MP GRASA PN,-58.600,Subproducto,MP MILANESA,47
21/11/2025,531,13081423,134701M5,MP RECORTE 80 - 20 PN,-208.700,Subproducto,MP MILANESA,47
22/11/2025,101,13081532,134209M1,MP CABEZA DE LOMO REJALADO,-384.200,Terminado,MP CABEZA DE LOMO REJALADO,47
22/11/2025,261,13081532,134281C1,MAT PRIMA DE CABEZA DE LOMO REJALADA,368.900,Materia prima,MP CABEZA DE LOMO REJALADO,47
22/11/2025,261,13081532,134281C1,MAT PRIMA DE CABEZA DE LOMO REJALADA,1.100,Materia prima,MP CABEZA DE LOMO REJALADO,47
22/11/2025,531,13081536,132000M5,MP DECOMISO,-37.600,Subproducto,MP MILANESA,47
22/11/2025,531,13081536,134307M1,MP  CHAMBARETE,-549.700,Subproducto,MP MILANESA,47
22/11/2025,101,13081536,134327M1,MP MILANESA,"-6,294.700",Terminado,MP MILANESA,47
22/11/2025,261,13081536,134358G3,MAT PRIMA MILANESA DE PIERNA,"7,654.200",Materia prima,MP MILANESA,47
22/11/2025,261,13081536,134358G3,MAT PRIMA MILANESA DE PIERNA,11.000,Materia prima,MP MILANESA,47
22/11/2025,531,13081536,134603M5,MP GRASA PN,-143.200,Subproducto,MP MILANESA,47
22/11/2025,531,13081536,134701M5,MP RECORTE 80 - 20 PN,-488.900,Subproducto,MP MILANESA,47
22/11/2025,531,13081536,134702M5,MP RECORTE ESPECIAL PN,-170.500,Subproducto,MP MILANESA,47
22/11/2025,261,13081552,134372G3,MAT PRIMA MILANESA TAQUERA,"3,061.200",Materia prima,MP MILANESA TAQUERA,47
22/11/2025,261,13081552,134372G3,MAT PRIMA MILANESA TAQUERA,32.800,Materia prima,MP MILANESA TAQUERA,47
22/11/2025,101,13081552,134372M1,MP MILANESA TAQUERA,"-2,946.100",Terminado,MP MILANESA TAQUERA,47
22/11/2025,531,13081552,134701M5,MP RECORTE 80 - 20 PN,-115.100,Subproducto,MP MILANESA TAQUERA,47
22/11/2025,261,13081715,134207G2,CABEZA DE LOMO,"4,425.000",Materia prima,MP CABEZA DE LOMO REJALADO,47
22/11/2025,261,13081715,134207G2,CABEZA DE LOMO,97.800,Materia prima,MP CABEZA DE LOMO REJALADO,47
22/11/2025,101,13081715,134209M1,MP CABEZA DE LOMO REJALADO,"-4,425.000",Terminado,MP CABEZA DE LOMO REJALADO,47
24/11/2025,101,13082002,134208M1,MP ESPALDILLA REJALADA,"-1,154.600",Terminado,MP ESPALDILLA REJALADA,48
24/11/2025,261,13082002,134228C1,MAT PRIMA DE ESPALDILLA REJALADA,45.300,Materia prima,MP ESPALDILLA REJALADA,48
24/11/2025,261,13082002,134228C1,MAT PRIMA DE ESPALDILLA REJALADA,"1,404.700",Materia prima,MP ESPALDILLA REJALADA,48
24/11/2025,531,13082002,134603M5,MP GRASA PN,-53.500,Subproducto,MP ESPALDILLA REJALADA,48
24/11/2025,531,13082002,134701M5,MP RECORTE 80 - 20 PN,-283.500,Subproducto,MP ESPALDILLA REJALADA,48
24/11/2025,101,13082003,134209M1,MP CABEZA DE LOMO REJALADO,-379.300,Terminado,MP CABEZA DE LOMO REJALADO,48
24/11/2025,261,13082003,134281C1,MAT PRIMA DE CABEZA DE LOMO REJALADA,379.300,Materia prima,MP CABEZA DE LOMO REJALADO,48
24/11/2025,261,13082003,134281C1,MAT PRIMA DE CABEZA DE LOMO REJALADA,8.700,Materia prima,MP CABEZA DE LOMO REJALADO,48
24/11/2025,531,13082014,134307M1,MP  CHAMBARETE,-208.700,Subproducto,MP MILANESA,48
24/11/2025,101,13082014,134327M1,MP MILANESA,"-2,568.800",Terminado,MP MILANESA,48
24/11/2025,261,13082014,134358G1,MAT PRIMA MILANESA DE PIERNA,"2,907.100",Materia prima,MP MILANESA,48
24/11/2025,261,13082014,134358G1,MAT PRIMA MILANESA DE PIERNA,5.900,Materia prima,MP MILANESA,48
24/11/2025,531,13082014,134603M5,MP GRASA PN,-60.300,Subproducto,MP MILANESA,48
24/11/2025,531,13082014,134701M5,MP RECORTE 80 - 20 PN,-114.900,Subproducto,MP MILANESA,48
24/11/2025,531,13082015,132000M5,MP DECOMISO,-54.000,Subproducto,MP MILANESA,48
24/11/2025,101,13082015,134327M1,MP MILANESA,"-2,533.600",Terminado,MP MILANESA,48
24/11/2025,261,13082015,134358G3,MAT PRIMA MILANESA DE PIERNA,15.300,Materia prima,MP MILANESA,48
24/11/2025,261,13082015,134358G3,MAT PRIMA MILANESA DE PIERNA,"3,152.000",Materia prima,MP MILANESA,48
24/11/2025,261,13082015,134358G3,MAT PRIMA MILANESA DE PIERNA,86.700,Materia prima,MP MILANESA,48
24/11/2025,531,13082015,134603M5,MP GRASA PN,-114.700,Subproducto,MP MILANESA,48
24/11/2025,531,13082015,134701M5,MP RECORTE 80 - 20 PN,-208.500,Subproducto,MP MILANESA,48
24/11/2025,531,13082015,134702M5,MP RECORTE ESPECIAL PN,-256.500,Subproducto,MP MILANESA,48
24/11/2025,531,13082016,134307M1,MP  CHAMBARETE,-248.600,Subproducto,MP MILANESA,48
24/11/2025,101,13082016,134327M1,MP MILANESA,"-7,763.600",Terminado,MP MILANESA,48
24/11/2025,261,13082016,134358G5,MAT PRIMA MILANESA DE PIERNA,"9,282.100",Materia prima,MP MILANESA,48
24/11/2025,261,13082016,134358G5,MAT PRIMA MILANESA DE PIERNA,284.900,Materia prima,MP MILANESA,48
24/11/2025,531,13082016,134603M5,MP GRASA PN,-288.400,Subproducto,MP MILANESA,48
24/11/2025,531,13082016,134701M5,MP RECORTE 80 - 20 PN,-490.100,Subproducto,MP MILANESA,48
24/11/2025,531,13082016,134702M5,MP RECORTE ESPECIAL PN,-491.400,Subproducto,MP MILANESA,48
24/11/2025,261,13082064,134372G3,MAT PRIMA MILANESA TAQUERA,"7,924.100",Materia prima,MP MILANESA TAQUERA,48
24/11/2025,261,13082064,134372G3,MAT PRIMA MILANESA TAQUERA,56.900,Materia prima,MP MILANESA TAQUERA,48
24/11/2025,101,13082064,134372M1,MP MILANESA TAQUERA,"-7,727.400",Terminado,MP MILANESA TAQUERA,48
24/11/2025,531,13082064,134701M5,MP RECORTE 80 - 20 PN,-196.700,Subproducto,MP MILANESA TAQUERA,48
24/11/2025,531,13082429,134603M5,MP GRASA PN,-82.600,Subproducto,MP ARRACHERA DE CERDO,48
24/11/2025,101,13082429,134797M1,MP ARRACHERA DE CERDO,-85.200,Terminado,MP ARRACHERA DE CERDO,48
24/11/2025,261,13082429,134798C1,MAT PRIMA RECORTE MAGRO,112.900,Materia prima,MP ARRACHERA DE CERDO,48
24/11/2025,261,13082429,134798C1,MAT PRIMA RECORTE MAGRO,54.900,Materia prima,MP ARRACHERA DE CERDO,48
24/11/2025,261,13082429,134798C1,MAT PRIMA RECORTE MAGRO,2.400,Materia prima,MP ARRACHERA DE CERDO,48
24/11/2025,101,13082864,134209M1,MP CABEZA DE LOMO REJALADO,-912.200,Terminado,MP CABEZA DE LOMO REJALADO,48
24/11/2025,261,13082864,134281G5,MP INT CABEZA DE LOMO REJALADO,912.200,Materia prima,MP CABEZA DE LOMO REJALADO,48
24/11/2025,261,13082864,134281G5,MP INT CABEZA DE LOMO REJALADO,21.800,Materia prima,MP CABEZA DE LOMO REJALADO,48
25/11/2025,101,13082860,134208M1,MP ESPALDILLA REJALADA,"-1,087.500",Terminado,MP ESPALDILLA REJALADA,48
25/11/2025,261,13082860,134228C1,MAT PRIMA DE ESPALDILLA REJALADA,"1,301.400",Materia prima,MP ESPALDILLA REJALADA,48
25/11/2025,261,13082860,134228C1,MAT PRIMA DE ESPALDILLA REJALADA,0.600,Materia prima,MP ESPALDILLA REJALADA,48
25/11/2025,531,13082860,134603M5,MP GRASA PN,-52.100,Subproducto,MP ESPALDILLA REJALADA,48
25/11/2025,531,13082860,134701M5,MP RECORTE 80 - 20 PN,-176.800,Subproducto,MP ESPALDILLA REJALADA,48
25/11/2025,101,13082861,134209M1,MP CABEZA DE LOMO REJALADO,-843.200,Terminado,MP CABEZA DE LOMO REJALADO,48
25/11/2025,261,13082861,134281C1,MAT PRIMA DE CABEZA DE LOMO REJALADA,843.200,Materia prima,MP CABEZA DE LOMO REJALADO,48
25/11/2025,261,13082861,134281C1,MAT PRIMA DE CABEZA DE LOMO REJALADA,16.000,Materia prima,MP CABEZA DE LOMO REJALADO,48
25/11/2025,531,13082874,134307M1,MP  CHAMBARETE,-91.600,Subproducto,MP MILANESA,48
25/11/2025,101,13082874,134327M1,MP MILANESA,"-1,744.900",Terminado,MP MILANESA,48
25/11/2025,261,13082874,134358G1,MAT PRIMA MILANESA DE PIERNA,697.000,Materia prima,MP MILANESA,48
25/11/2025,261,13082874,134358G1,MAT PRIMA MILANESA DE PIERNA,"1,284.400",Materia prima,MP MILANESA,48
25/11/2025,261,13082874,134358G1,MAT PRIMA MILANESA DE PIERNA,12.600,Materia prima,MP MILANESA,48
25/11/2025,531,13082874,134603M5,MP GRASA PN,-84.000,Subproducto,MP MILANESA,48
25/11/2025,531,13082874,134701M5,MP RECORTE 80 - 20 PN,-76.000,Subproducto,MP MILANESA,48
25/11/2025,531,13082875,132000M5,MP DECOMISO,-43.400,Subproducto,MP MILANESA,48
25/11/2025,531,13082875,134307M1,MP  CHAMBARETE,-455.600,Subproducto,MP MILANESA,48
25/11/2025,101,13082875,134327M1,MP MILANESA,"-10,746.300",Terminado,MP MILANESA,48
25/11/2025,261,13082875,134358G5,MAT PRIMA MILANESA DE PIERNA,"12,756.800",Materia prima,MP MILANESA,48
25/11/2025,261,13082875,134358G5,MAT PRIMA MILANESA DE PIERNA,8.000,Materia prima,MP MILANESA,48
25/11/2025,531,13082875,134603M5,MP GRASA PN,-293.300,Subproducto,MP MILANESA,48
25/11/2025,531,13082875,134701M5,MP RECORTE 80 - 20 PN,-702.000,Subproducto,MP MILANESA,48
25/11/2025,531,13082875,134702M5,MP RECORTE ESPECIAL PN,-575.700,Subproducto,MP MILANESA,48
25/11/2025,531,13082918,134603M5,MP GRASA PN,-103.100,Subproducto,MP ARRACHERA DE CERDO,48
25/11/2025,261,13082918,134797A5,MP INT RECORTE MAGRO,465.400,Materia prima,MP ARRACHERA DE CERDO,48
25/11/2025,261,13082918,134797A5,MP INT RECORTE MAGRO,14.700,Materia prima,MP ARRACHERA DE CERDO,48
25/11/2025,101,13082918,134797M1,MP ARRACHERA DE CERDO,-362.300,Terminado,MP ARRACHERA DE CERDO,48
25/11/2025,261,13083872,134372G1,MAT PRIMA MILANESA TAQUERA,"4,789.700",Materia prima,MP MILANESA TAQUERA,48
25/11/2025,261,13083872,134372G1,MAT PRIMA MILANESA TAQUERA,154.500,Materia prima,MP MILANESA TAQUERA,48
25/11/2025,101,13083872,134372M1,MP MILANESA TAQUERA,"-4,732.300",Terminado,MP MILANESA TAQUERA,48
25/11/2025,531,13083872,134701M5,MP RECORTE 80 - 20 PN,-57.400,Subproducto,MP MILANESA TAQUERA,48
26/11/2025,101,13083920,134208M1,MP ESPALDILLA REJALADA,"-1,100.600",Terminado,MP ESPALDILLA REJALADA,48
26/11/2025,261,13083920,134228C1,MAT PRIMA DE ESPALDILLA REJALADA,"1,366.100",Materia prima,MP ESPALDILLA REJALADA,48
26/11/2025,261,13083920,134228C1,MAT PRIMA DE ESPALDILLA REJALADA,13.900,Materia prima,MP ESPALDILLA REJALADA,48
26/11/2025,531,13083920,134603M5,MP GRASA PN,-80.300,Subproducto,MP ESPALDILLA REJALADA,48
26/11/2025,531,13083920,134701M5,MP RECORTE 80 - 20 PN,-265.500,Subproducto,MP ESPALDILLA REJALADA,48
26/11/2025,101,13083921,134209M1,MP CABEZA DE LOMO REJALADO,"-1,271.700",Terminado,MP CABEZA DE LOMO REJALADO,48
26/11/2025,261,13083921,134281C1,MAT PRIMA DE CABEZA DE LOMO REJALADA,"1,271.700",Materia prima,MP CABEZA DE LOMO REJALADO,48
26/11/2025,261,13083921,134281C1,MAT PRIMA DE CABEZA DE LOMO REJALADA,16.300,Materia prima,MP CABEZA DE LOMO REJALADO,48
26/11/2025,261,13083933,134358G1,MAT PRIMA MILANESA DE PIERNA,51.100,Materia prima,MP MILANESA,48
26/11/2025,531,13083933,134603M5,MP GRASA PN,-51.100,Subproducto,MP MILANESA,48
26/11/2025,531,13083934,134307M1,MP  CHAMBARETE,-924.000,Subproducto,MP MILANESA,48
26/11/2025,101,13083934,134327M1,MP MILANESA,"-6,157.800",Terminado,MP MILANESA,48
26/11/2025,261,13083934,134358G3,MAT PRIMA MILANESA DE PIERNA,"8,339.600",Materia prima,MP MILANESA,48
26/11/2025,261,13083934,134358G3,MAT PRIMA MILANESA DE PIERNA,132.400,Materia prima,MP MILANESA,48
26/11/2025,531,13083934,134603M5,MP GRASA PN,-146.000,Subproducto,MP MILANESA,48
26/11/2025,531,13083934,134701M5,MP RECORTE 80 - 20 PN,-571.200,Subproducto,MP MILANESA,48
26/11/2025,531,13083934,134702M5,MP RECORTE ESPECIAL PN,-540.600,Subproducto,MP MILANESA,48
26/11/2025,531,13083935,132000M5,MP DECOMISO,-33.700,Subproducto,MP MILANESA,48
26/11/2025,531,13083935,134307M1,MP  CHAMBARETE,-866.700,Subproducto,MP MILANESA,48
26/11/2025,101,13083935,134327M1,MP MILANESA,"-7,744.600",Terminado,MP MILANESA,48
26/11/2025,261,13083935,134358G5,MAT PRIMA MILANESA DE PIERNA,"9,409.600",Materia prima,MP MILANESA,48
26/11/2025,261,13083935,134358G5,MAT PRIMA MILANESA DE PIERNA,81.400,Materia prima,MP MILANESA,48
26/11/2025,531,13083935,134603M5,MP GRASA PN,-196.500,Subproducto,MP MILANESA,48
26/11/2025,531,13083935,134701M5,MP RECORTE 80 - 20 PN,-491.300,Subproducto,MP MILANESA,48
26/11/2025,531,13083935,134702M5,MP RECORTE ESPECIAL PN,-76.800,Subproducto,MP MILANESA,48
26/11/2025,531,13084082,134603M5,MP GRASA PN,-190.100,Subproducto,MP ARRACHERA DE CERDO,48
26/11/2025,101,13084082,134797M1,MP ARRACHERA DE CERDO,-205.400,Terminado,MP ARRACHERA DE CERDO,48
26/11/2025,261,13084082,134798C1,MAT PRIMA RECORTE MAGRO,133.700,Materia prima,MP ARRACHERA DE CERDO,48
26/11/2025,261,13084082,134798C1,MAT PRIMA RECORTE MAGRO,261.800,Materia prima,MP ARRACHERA DE CERDO,48
26/11/2025,261,13084082,134798C1,MAT PRIMA RECORTE MAGRO,7.000,Materia prima,MP ARRACHERA DE CERDO,48
26/11/2025,261,13084097,134372G1,MAT PRIMA MILANESA TAQUERA,"4,698.700",Materia prima,MP MILANESA TAQUERA,48
26/11/2025,261,13084097,134372G1,MAT PRIMA MILANESA TAQUERA,61.200,Materia prima,MP MILANESA TAQUERA,48
26/11/2025,101,13084097,134372M1,MP MILANESA TAQUERA,"-4,588.200",Terminado,MP MILANESA TAQUERA,48
26/11/2025,531,13084097,134701M5,MP RECORTE 80 - 20 PN,-110.500,Subproducto,MP MILANESA TAQUERA,48
27/11/2025,531,13084752,132000M5,MP DECOMISO,-20.100,Subproducto,MP ESPALDILLA REJALADA,48
27/11/2025,101,13084752,134208M1,MP ESPALDILLA REJALADA,"-2,466.900",Terminado,MP ESPALDILLA REJALADA,48
27/11/2025,261,13084752,134228C1,MAT PRIMA DE ESPALDILLA REJALADA,"2,980.500",Materia prima,MP ESPALDILLA REJALADA,48
27/11/2025,261,13084752,134228C1,MAT PRIMA DE ESPALDILLA REJALADA,35.500,Materia prima,MP ESPALDILLA REJALADA,48
27/11/2025,531,13084752,134603M5,MP GRASA PN,-104.900,Subproducto,MP ESPALDILLA REJALADA,48
27/11/2025,531,13084752,134701M5,MP RECORTE 80 - 20 PN,-388.600,Subproducto,MP ESPALDILLA REJALADA,48
27/11/2025,101,13084753,134209M1,MP CABEZA DE LOMO REJALADO,"-2,305.300",Terminado,MP CABEZA DE LOMO REJALADO,48
27/11/2025,261,13084753,134281C1,MAT PRIMA DE CABEZA DE LOMO REJALADA,"2,305.300",Materia prima,MP CABEZA DE LOMO REJALADO,48
27/11/2025,261,13084753,134281C1,MAT PRIMA DE CABEZA DE LOMO REJALADA,42.300,Materia prima,MP CABEZA DE LOMO REJALADO,48
27/11/2025,531,13084762,132000M5,MP DECOMISO,-34.900,Subproducto,MP MILANESA,48
27/11/2025,531,13084762,134307M1,MP  CHAMBARETE,-560.100,Subproducto,MP MILANESA,48
27/11/2025,101,13084762,134327M1,MP MILANESA,"-8,155.400",Terminado,MP MILANESA,48
27/11/2025,261,13084762,134358G1,MAT PRIMA MILANESA DE PIERNA,158.000,Materia prima,MP MILANESA,48
27/11/2025,261,13084762,134358G1,MAT PRIMA MILANESA DE PIERNA,"9,558.000",Materia prima,MP MILANESA,48
27/11/2025,531,13084762,134603M5,MP GRASA PN,-254.300,Subproducto,MP MILANESA,48
27/11/2025,531,13084762,134701M5,MP RECORTE 80 - 20 PN,-599.500,Subproducto,MP MILANESA,48
27/11/2025,531,13084762,134702M5,MP RECORTE ESPECIAL PN,-111.800,Subproducto,MP MILANESA,48
27/11/2025,531,13084763,134307M1,MP  CHAMBARETE,-242.000,Subproducto,MP MILANESA,48
27/11/2025,101,13084763,134327M1,MP MILANESA,"-2,222.900",Terminado,MP MILANESA,48
27/11/2025,261,13084763,134358G1,MAT PRIMA MILANESA DE PIERNA,96.000,Materia prima,MP MILANESA,48
27/11/2025,261,13084763,134358G3,MAT PRIMA MILANESA DE PIERNA,"2,679.700",Materia prima,MP MILANESA,48
27/11/2025,261,13084763,134358G3,MAT PRIMA MILANESA DE PIERNA,7.300,Materia prima,MP MILANESA,48
27/11/2025,531,13084763,134603M5,MP GRASA PN,-135.400,Subproducto,MP MILANESA,48
27/11/2025,531,13084763,134701M5,MP RECORTE 80 - 20 PN,-194.500,Subproducto,MP MILANESA,48
27/11/2025,531,13084763,134702M5,MP RECORTE ESPECIAL PN,-52.000,Subproducto,MP MILANESA,48
27/11/2025,261,13084802,134372G3,MAT PRIMA MILANESA TAQUERA,"6,576.500",Materia prima,MP MILANESA TAQUERA,48
27/11/2025,261,13084802,134372G3,MAT PRIMA MILANESA TAQUERA,36.500,Materia prima,MP MILANESA TAQUERA,48
27/11/2025,101,13084802,134372M1,MP MILANESA TAQUERA,"-6,413.300",Terminado,MP MILANESA TAQUERA,48
27/11/2025,531,13084802,134701M5,MP RECORTE 80 - 20 PN,-163.200,Subproducto,MP MILANESA TAQUERA,48
27/11/2025,531,13084805,134603M5,MP GRASA PN,-104.400,Subproducto,MP ARRACHERA DE CERDO,48
27/11/2025,261,13084805,134797A5,MP INT RECORTE MAGRO,474.900,Materia prima,MP ARRACHERA DE CERDO,48
27/11/2025,261,13084805,134797A5,MP INT RECORTE MAGRO,18.100,Materia prima,MP ARRACHERA DE CERDO,48
27/11/2025,101,13084805,134797M1,MP ARRACHERA DE CERDO,-370.500,Terminado,MP ARRACHERA DE CERDO,48
27/11/2025,101,13085046,134209M1,MP CABEZA DE LOMO REJALADO,-954.900,Terminado,MP CABEZA DE LOMO REJALADO,48
27/11/2025,261,13085046,134281G5,MP INT CABEZA DE LOMO REJALADO,954.900,Materia prima,MP CABEZA DE LOMO REJALADO,48
27/11/2025,261,13085046,134281G5,MP INT CABEZA DE LOMO REJALADO,14.100,Materia prima,MP CABEZA DE LOMO REJALADO,48
27/11/2025,261,13085056,134372G1,MAT PRIMA MILANESA TAQUERA,"1,651.800",Materia prima,MP MILANESA TAQUERA,48
27/11/2025,261,13085056,134372G1,MAT PRIMA MILANESA TAQUERA,74.200,Materia prima,MP MILANESA TAQUERA,48
27/11/2025,101,13085056,134372M1,MP MILANESA TAQUERA,"-1,594.600",Terminado,MP MILANESA TAQUERA,48
27/11/2025,531,13085056,134701M5,MP RECORTE 80 - 20 PN,-57.200,Subproducto,MP MILANESA TAQUERA,48
28/11/2025,101,13085450,134208M1,MP ESPALDILLA REJALADA,"-2,072.800",Terminado,MP ESPALDILLA REJALADA,48
28/11/2025,261,13085450,134228C1,MAT PRIMA DE ESPALDILLA REJALADA,"2,535.500",Materia prima,MP ESPALDILLA REJALADA,48
28/11/2025,261,13085450,134228C1,MAT PRIMA DE ESPALDILLA REJALADA,46.500,Materia prima,MP ESPALDILLA REJALADA,48
28/11/2025,531,13085450,134603M5,MP GRASA PN,-88.100,Subproducto,MP ESPALDILLA REJALADA,48
28/11/2025,531,13085450,134701M5,MP RECORTE 80 - 20 PN,-374.600,Subproducto,MP ESPALDILLA REJALADA,48
28/11/2025,101,13085451,134209M1,MP CABEZA DE LOMO REJALADO,"-1,554.600",Terminado,MP CABEZA DE LOMO REJALADO,48
28/11/2025,261,13085451,134281C1,MAT PRIMA DE CABEZA DE LOMO REJALADA,"1,554.600",Materia prima,MP CABEZA DE LOMO REJALADO,48
28/11/2025,261,13085451,134281C1,MAT PRIMA DE CABEZA DE LOMO REJALADA,29.400,Materia prima,MP CABEZA DE LOMO REJALADO,48
28/11/2025,531,13085460,134307M1,MP  CHAMBARETE,-460.200,Subproducto,MP MILANESA,48
28/11/2025,101,13085460,134327M1,MP MILANESA,"-5,195.000",Terminado,MP MILANESA,48
28/11/2025,261,13085460,134358G1,MAT PRIMA MILANESA DE PIERNA,"6,294.300",Materia prima,MP MILANESA,48
28/11/2025,261,13085460,134358G1,MAT PRIMA MILANESA DE PIERNA,47.700,Materia prima,MP MILANESA,48
28/11/2025,531,13085460,134603M5,MP GRASA PN,-146.700,Subproducto,MP MILANESA,48
28/11/2025,531,13085460,134701M5,MP RECORTE 80 - 20 PN,-492.400,Subproducto,MP MILANESA,48
28/11/2025,531,13085461,132000M5,MP DECOMISO,-49.300,Subproducto,MP MILANESA,48
28/11/2025,531,13085461,134307M1,MP  CHAMBARETE,-300.500,Subproducto,MP MILANESA,48
28/11/2025,101,13085461,134327M1,MP MILANESA,"-2,939.300",Terminado,MP MILANESA,48
28/11/2025,261,13085461,134358G3,MAT PRIMA MILANESA DE PIERNA,"3,630.400",Materia prima,MP MILANESA,48
28/11/2025,261,13085461,134358G3,MAT PRIMA MILANESA DE PIERNA,116.400,Materia prima,MP MILANESA,48
28/11/2025,531,13085461,134603M5,MP GRASA PN,-143.000,Subproducto,MP MILANESA,48
28/11/2025,531,13085461,134701M5,MP RECORTE 80 - 20 PN,-262.400,Subproducto,MP MILANESA,48
28/11/2025,531,13085461,134702M5,MP RECORTE ESPECIAL PN,-52.300,Subproducto,MP MILANESA,48
28/11/2025,261,13085499,134372G3,MAT PRIMA MILANESA TAQUERA,"1,341.000",Materia prima,MP MILANESA TAQUERA,48
28/11/2025,261,13085499,134372G3,MAT PRIMA MILANESA TAQUERA,"6,918.100",Materia prima,MP MILANESA TAQUERA,48
28/11/2025,261,13085499,134372G3,MAT PRIMA MILANESA TAQUERA,58.100,Materia prima,MP MILANESA TAQUERA,48
28/11/2025,101,13085499,134372M1,MP MILANESA TAQUERA,"-8,018.700",Terminado,MP MILANESA TAQUERA,48
28/11/2025,531,13085499,134701M5,MP RECORTE 80 - 20 PN,-240.400,Subproducto,MP MILANESA TAQUERA,48
28/11/2025,531,13085872,134603M5,MP GRASA PN,-138.000,Subproducto,MP ARRACHERA DE CERDO,48
28/11/2025,101,13085872,134797M1,MP ARRACHERA DE CERDO,-156.900,Terminado,MP ARRACHERA DE CERDO,48
28/11/2025,261,13085872,134798C1,MAT PRIMA RECORTE MAGRO,114.400,Materia prima,MP ARRACHERA DE CERDO,48
28/11/2025,261,13085872,134798C1,MAT PRIMA RECORTE MAGRO,180.500,Materia prima,MP ARRACHERA DE CERDO,48
28/11/2025,261,13085872,134798C1,MAT PRIMA RECORTE MAGRO,9.800,Materia prima,MP ARRACHERA DE CERDO,48
29/11/2025,531,13086087,132000M5,MP DECOMISO,-23.900,Subproducto,MP MILANESA,48
29/11/2025,531,13086087,134307M1,MP  CHAMBARETE,-303.700,Subproducto,MP MILANESA,48
29/11/2025,101,13086087,134327M1,MP MILANESA,"-4,922.800",Terminado,MP MILANESA,48
29/11/2025,261,13086087,134358G5,MAT PRIMA MILANESA DE PIERNA,"5,820.500",Materia prima,MP MILANESA,48
29/11/2025,261,13086087,134358G5,MAT PRIMA MILANESA DE PIERNA,26.500,Materia prima,MP MILANESA,48
29/11/2025,531,13086087,134603M5,MP GRASA PN,-140.300,Subproducto,MP MILANESA,48
29/11/2025,531,13086087,134701M5,MP RECORTE 80 - 20 PN,-312.800,Subproducto,MP MILANESA,48
29/11/2025,531,13086087,134702M5,MP RECORTE ESPECIAL PN,-147.200,Subproducto,MP MILANESA,48
29/11/2025,261,13086104,134372G5,MAT PRIMA MILANESA TAQUERA,"3,039.700",Materia prima,MP MILANESA TAQUERA,48
29/11/2025,261,13086104,134372G5,MAT PRIMA MILANESA TAQUERA,40.300,Materia prima,MP MILANESA TAQUERA,48
29/11/2025,101,13086104,134372M1,MP MILANESA TAQUERA,"-2,926.300",Terminado,MP MILANESA TAQUERA,48
29/11/2025,531,13086104,134701M5,MP RECORTE 80 - 20 PN,-113.400,Subproducto,MP MILANESA TAQUERA,48
